tipo_residencia,regiao,faixa_renda,tem_ar_condicionado,aquecimento_eletrico,home_office,moradores,area_m2,qtd_eletrodomesticos,banhos_dia,renda_familiar,consumo_kwh
Apartamento,Centro,Média,Não,Não,Não,3,45.8,23,6,4186.61,574.14
Casa,Sul,Média,Não,Não,Não,4,,22,4,2664.59,601.49
Casa,Oeste,Média,Não,Não,Não,4,114.4,18,2,8639.59,464.93
Apartamento,Sul,Média,,Não,Não,4,70.9,12,2,-4000.0,478.8
Casa,Centro,Média,Não,Sim,Sim,10,83.7,9,3,4068.19,761.45
Casa,Sul,Média,Não,Não,Não,1,131.7,9,1,4941.59,285.26
Sobrado,Norte,Média,Não,Não,Sim,3,62.4,12,2,4740.1,426.72
Apartamento,Norte,Baixa,Sim,Não,Não,3,91.2,15,2,6177.06,494.46
Casa,Leste,Baixa,Não,Sim,Não,3,88.0,11,2,9091.63,517.46
,Leste,Baixa,Sim,Sim,Não,10,133.1,17,1,3261.03,985.3
Apartamento,Oeste,Média,Não,Não,Não,2,140.7,21,3,6231.6,463.57
Apartamento,Norte,Baixa,Não,Não,Não,3,108.9,23,5,6139.95,559.43
Apartamento,Leste,Baixa,Não,Não,Não,3,191.3,7,4,532.62,534.39
Apartamento,Sul,Média,Não,Sim,Não,2,85.9,6,6,11762.09,423.42
Casa,Oeste,Baixa,Não,Não,Sim,4,-49.0,10,6,,363.94
Apartamento,Centro,Baixa,Sim,Não,Sim,4,69.7,23,1,8391.34,659.06
Casa,Leste,Baixa,Não,Não,Não,4,,19,1,1455.35,451.8
Casa,Leste,Média,Não,Sim,Sim,5,131.5,8,6,10317.98,692.55
Apartamento,Norte,Média,Sim,Não,Não,3,79.4,23,1,4618.99,593.73
Casa,Oeste,Alta,Sim,Não,Não,2,124.8,11,5,-258.34,520.48
Apartamento,Norte,Baixa,Não,Não,Sim,6,109.1,24,4,1944.28,634.51
Apartamento,Norte,Baixa,Sim,Sim,Não,7,93.8,18,4,2428.39,796.1
Casa,Oeste,Baixa,Sim,Não,Não,5,97.1,11,2,3566.52,629.02
Casa,Sul,Alta,Sim,Sim,Não,3,93.5,24,6,2275.46,841.95
Apartamento,Leste,Média,Sim,Não,Sim,4,119.1,18,6,7526.13,
Sobrado,Norte,Média,Não,Não,Não,3,77.5,9,6,5947.54,476.72
Apartamento,Leste,Alta,,Sim,Não,4,73.5,19,2,6778.19,546.78
Apartamento,Oeste,Baixa,Não,Sim,Não,3,97.3,16,6,6575.1,592.05
Casa,Sul,Baixa,Sim,Não,Não,-2,90.9,21,3,4887.34,670.4
Casa,Centro,Média,,Sim,Sim,4,78.7,9,1,1601.49,546.76
Apartamento,Sul,Média,Não,Não,Não,4,150.6,23,3,1721.75,611.48
Casa,Oeste,,Não,Não,Não,3,106.4,14,1,1827.96,414.13
Sobrado,Sul,Média,Não,Não,Sim,2,68.2,16,4,2770.09,414.26
Apartamento,Centro,Média,Sim,Sim,Sim,3,,6,6,9733.55,712.55
Apartamento,Norte,,Não,Sim,Sim,8,56.8,21,3,,792.07
Apartamento,Sul,Média,Não,Não,Não,4,50.6,9,4,9195.42,518.91
Apartamento,Oeste,Baixa,Não,Não,Sim,2,109.0,19,2,2864.56,487.55
Apartamento,Sul,Média,Não,Não,Não,5,59.2,24,6,2112.09,601.65
Sobrado,Centro,Média,Sim,Não,Não,3,86.2,17,4,6553.93,623.26
Sobrado,Oeste,Média,Não,Não,Não,2,53.8,24,5,,555.59
Sobrado,Sul,Baixa,Não,Sim,Não,6,76.3,15,3,1439.28,648.51
Apartamento,Oeste,Baixa,Sim,Não,Não,3,72.0,22,6,5275.87,665.74
Apartamento,Centro,,Não,Sim,Sim,1,82.2,13,6,8467.78,510.65
Apartamento,Norte,,Sim,Não,Não,2,154.2,20,1,7777.22,569.32
Casa,Centro,Baixa,Sim,Não,Sim,4,123.5,19,4,1637.75,775.3
Casa,Norte,Média,Sim,Não,Não,2,81.6,8,6,4987.7,522.49
Casa,Leste,Média,Sim,Não,Não,3,78.8,16,6,1477.37,722.23
Casa,Centro,Alta,Sim,Não,Não,3,63.8,17,3,6435.32,576.2
Casa,Norte,Média,Não,Não,Não,5,53.9,13,1,5913.81,457.47
Casa,Leste,Alta,Sim,Não,Sim,4,80.5,19,6,6912.7,712.51
Sobrado,Leste,Média,,Sim,Não,3,125.0,22,6,3112.43,644.49
Apartamento,Leste,Alta,Não,Sim,Não,2,-9.8,24,3,,521.55
Casa,Oeste,Baixa,Sim,Não,Sim,2,115.6,11,3,7971.24,634.84
Casa,Centro,Média,Não,Não,Não,3,119.4,16,5,8077.44,475.74
Apartamento,Centro,Média,Não,Não,Sim,5,21.0,14,4,9680.67,479.83
Apartamento,Centro,Baixa,Não,Não,Não,2,86.1,11,5,9052.7,385.84
Sobrado,Centro,,Não,Não,Não,5,71.9,18,2,1378.24,540.16
Sobrado,Oeste,Média,Não,Não,Sim,6,80.0,19,6,8560.28,693.28
,Centro,Média,Não,Não,Não,7,,8,3,5413.84,530.79
,Norte,Baixa,Sim,Não,Não,4,94.5,12,4,7318.72,577.95
Casa,Leste,Média,Não,Não,Não,6,43.9,23,2,4654.75,631.87
Apartamento,Oeste,Baixa,Não,Não,Não,2,133.8,23,6,3212.55,616.41
Casa,Oeste,Baixa,Não,Não,Não,4,70.7,9,2,4788.22,311.84
Apartamento,Centro,Alta,Sim,Não,Não,4,163.9,7,5,5661.44,692.06
Apartamento,Leste,Alta,Não,Sim,Sim,5,56.7,14,2,6225.29,586.04
Apartamento,Norte,Baixa,Sim,Não,Não,2,53.3,19,1,,480.9
Casa,Leste,Média,Não,Sim,Não,2,94.7,6,1,2905.68,435.71
Apartamento,Sul,Média,Não,Sim,Não,1,112.0,14,1,2688.11,461.59
Apartamento,Leste,Média,Não,Não,Sim,2,123.2,20,6,1425.67,587.88
Sobrado,Norte,Média,Não,Sim,Não,6,55.4,7,2,4944.72,491.39
Casa,Norte,Média,Não,Não,Não,6,75.0,11,6,3313.48,609.16
Sobrado,Norte,,Não,Não,Não,3,141.0,23,6,4672.24,558.26
Apartamento,Oeste,Média,Não,Não,Não,4,73.9,19,3,5561.61,537.35
Apartamento,Oeste,Média,Não,Sim,Não,2,,16,4,,554.57
Apartamento,Sul,Baixa,Não,Não,Não,5,28.2,6,1,4111.24,354.77
,Leste,Média,Sim,Não,Não,7,36.6,17,1,6406.72,627.14
Casa,Centro,Média,Sim,Não,Não,7,,24,1,5672.01,785.01
Casa,Sul,Média,Não,Não,Não,3,80.6,23,5,4564.76,479.64
Sobrado,Centro,Média,Sim,Não,Sim,2,107.7,11,5,5410.98,
Apartamento,Centro,Média,Não,Sim,Não,1,66.2,7,1,4820.19,330.45
Casa,Sul,Baixa,Sim,Não,Sim,3,35.3,10,1,3009.13,468.73
Apartamento,Leste,Média,Não,Sim,Não,3,87.8,5,6,2587.3,503.16
Casa,Centro,Média,Sim,Não,Não,7,43.1,6,5,12218.28,624.98
Casa,Oeste,Média,Não,Não,Não,7,88.8,5,4,7071.64,
,Oeste,Média,Sim,Não,Não,8,56.0,8,3,8203.27,590.4
Casa,Sul,Média,Não,Não,Não,3,104.6,9,4,,429.8
Casa,Centro,Média,Não,Sim,Não,4,76.9,6,6,8982.48,616.43
Apartamento,Sul,Baixa,Não,Não,Não,7,75.9,20,3,6933.23,620.38
Apartamento,Oeste,Baixa,Não,Não,Sim,3,95.3,12,2,237.76,466.25
Casa,Sul,,Não,Não,Não,7,112.9,19,2,3404.31,623.34
Casa,Centro,Baixa,Não,Sim,Não,2,90.5,15,4,6090.66,494.24
Casa,Centro,Média,Sim,Não,Não,4,138.5,14,5,6022.47,710.96
Casa,Oeste,Baixa,Sim,Não,Sim,5,,7,1,5828.54,628.85
Casa,Norte,Média,Sim,Sim,Sim,4,63.9,15,2,2710.63,714.84
Casa,Norte,Baixa,Sim,Não,Não,2,51.5,21,6,4096.67,637.06
Casa,Leste,Média,Não,Sim,Não,7,48.3,14,5,6118.9,690.36
Apartamento,Oeste,Média,Não,Não,Não,4,139.1,21,5,5590.75,617.55
Casa,Leste,,Não,Não,Sim,5,48.5,18,3,7438.67,592.09
Casa,Oeste,Baixa,Não,Sim,Sim,7,73.3,5,2,2812.95,657.5
Casa,Centro,Média,,Não,Sim,3,85.3,13,4,6714.74,658.08
Casa,Oeste,Baixa,Sim,Não,Sim,3,138.1,19,6,4067.77,801.78
Apartamento,Sul,,Não,Não,Não,3,45.7,8,5,4609.8,
Casa,Leste,Baixa,,Não,Não,2,117.6,24,4,5360.55,605.55
Casa,Oeste,Baixa,,Não,Não,5,85.4,7,4,1171.39,593.96
Casa,Leste,Média,Sim,Não,Sim,3,81.2,24,6,5817.82,750.12
Apartamento,Oeste,Média,Não,Não,Sim,5,84.2,11,2,8644.25,498.84
Casa,Norte,Média,Não,Não,Sim,1,63.9,7,6,2459.82,399.1
Apartamento,Leste,Alta,Não,Sim,Não,6,72.5,19,4,10144.4,612.84
Casa,Centro,Baixa,Não,Sim,Não,1,63.3,14,4,3881.16,466.5
Casa,Centro,Média,Sim,Não,Não,1,45.7,20,1,6972.58,438.44
Apartamento,Oeste,,,Não,Não,3,49.7,21,6,2192.0,
Apartamento,Centro,Média,Sim,Sim,Não,9,120.5,23,4,10897.9,995.97
Apartamento,Centro,Baixa,Sim,Não,Não,4,74.5,5,1,2849.49,458.38
Casa,Leste,Média,Não,Não,Não,-2,,5,2,6017.76,354.42
Apartamento,Oeste,Baixa,Não,Sim,Não,2,79.7,18,4,4160.0,550.05
,Leste,Média,Sim,Não,Não,2,79.2,6,5,5375.25,499.23
Apartamento,Oeste,Média,Não,Não,Sim,3,82.7,6,6,5780.24,479.09
Apartamento,Centro,Média,Não,Não,Não,4,106.9,24,4,4684.52,571.24
Casa,Oeste,Baixa,Não,Não,Não,5,64.4,14,1,3800.52,423.4
Apartamento,Oeste,Baixa,Não,Não,Não,5,80.4,19,5,5381.97,569.68
Apartamento,Sul,Baixa,Não,Não,Sim,3,112.1,19,2,5327.57,535.15
Casa,Oeste,Baixa,Não,Não,Não,7,117.5,11,6,6309.6,667.07
Sobrado,Sul,Baixa,Não,Não,Não,5,129.6,12,3,6711.17,495.18
Apartamento,Leste,Alta,Não,Não,Sim,5,56.1,15,3,7527.49,570.09
Casa,Sul,Baixa,Sim,Não,Não,5,65.8,20,1,6904.11,661.64
Sobrado,Leste,Baixa,Sim,Não,Não,1,79.0,11,2,5830.56,473.53
Casa,Oeste,Média,Não,Não,Sim,9,45.5,24,2,4858.74,801.31
Apartamento,Leste,Média,Sim,Não,Não,4,111.2,13,4,1667.72,556.91
Apartamento,Centro,Média,Não,Não,Não,5,93.7,23,3,5888.32,675.11
Apartamento,Oeste,Média,Não,Não,Não,6,80.4,5,4,8236.18,454.95
Casa,Sul,Baixa,Sim,Não,Não,7,115.9,22,2,3582.41,792.18
Sobrado,Norte,Média,,Não,Não,6,62.3,12,1,3829.64,602.05
Casa,Oeste,Média,Não,Sim,Não,1,118.9,12,1,,375.79
Casa,Centro,Média,Sim,Não,Não,5,137.3,12,5,9581.22,728.38
Casa,Leste,Alta,Sim,Não,Não,2,94.2,18,1,3412.81,575.65
Sobrado,Sul,Média,Não,Sim,Sim,2,84.8,6,3,11878.74,492.32
Sobrado,Sul,Média,Sim,Não,Não,3,90.1,7,5,6543.73,485.63
Casa,Centro,Baixa,Não,Sim,Sim,3,43.3,11,3,7808.64,455.16
Sobrado,Centro,Média,,Não,Não,4,79.1,7,4,4619.65,527.81
Casa,Oeste,Alta,,Não,Não,2,146.7,19,4,6145.39,573.3
,Norte,Média,Não,Sim,Não,5,,15,1,6564.57,631.16
,Norte,Baixa,Não,Sim,Não,2,87.7,6,5,3251.16,376.9
,Leste,Média,Não,Não,Sim,5,68.7,22,3,9633.74,694.72
Casa,Sul,Baixa,Não,Não,Sim,3,115.9,18,3,5402.03,609.82
Casa,Oeste,,Sim,Não,Não,5,83.9,22,2,4249.75,633.61
Casa,Sul,Alta,Não,Não,Sim,4,113.4,6,1,2602.96,424.64
Apartamento,Oeste,,Sim,Sim,Sim,11,62.7,8,6,6905.88,955.55
Casa,Centro,Média,Não,Não,Não,3,94.2,18,4,6139.72,
Sobrado,Leste,Baixa,Não,Sim,Não,3,74.2,11,6,3060.88,556.73
Apartamento,Centro,Alta,Não,Não,Não,5,84.8,19,2,5850.22,498.66
Apartamento,Sul,Média,Sim,Não,Sim,5,67.9,10,4,6719.76,712.11
Casa,Leste,Média,Sim,Não,Não,7,80.8,9,4,4512.55,760.2
Sobrado,Oeste,Média,Não,Não,Não,2,94.1,24,3,6433.85,488.46
Apartamento,Oeste,Baixa,Não,Não,Sim,4,105.9,22,4,5511.83,592.49
Sobrado,Leste,Média,Não,Não,Não,3,80.2,15,5,4950.96,548.96
Sobrado,Centro,Média,Não,Sim,Sim,5,128.5,12,4,3100.01,584.9
Casa,Leste,Alta,Sim,Não,Não,5,46.4,16,5,5997.63,614.51
Casa,Centro,Baixa,Não,Não,Não,4,,22,4,314.91,558.16
Apartamento,Leste,Baixa,Sim,Não,Não,5,67.2,19,2,9095.26,706.1
Sobrado,Centro,Média,Sim,Não,Não,2,85.3,12,3,8468.17,502.39
Apartamento,Norte,Média,Sim,Não,Não,3,133.7,8,2,2938.73,647.94
,Leste,Média,Não,Sim,Não,4,79.4,19,3,1902.73,487.45
Apartamento,Centro,Alta,Sim,Não,Não,5,56.6,15,2,8423.07,651.2
Casa,Sul,Baixa,Não,Não,Não,3,65.7,5,1,5084.69,316.02
Casa,Sul,Baixa,,Não,Não,5,87.4,6,4,5649.6,571.76
Apartamento,Leste,Baixa,Sim,Não,Sim,5,52.7,12,4,5559.71,694.93
Casa,Leste,Alta,Não,Não,Não,5,142.9,20,1,2214.89,554.05
Apartamento,Oeste,Baixa,Sim,Não,Não,3,14.8,5,1,7463.65,347.4
Sobrado,Centro,Média,Não,Não,Não,3,62.1,7,5,6622.19,402.09
Apartamento,Leste,,Não,Não,Não,10,68.2,22,2,5546.93,710.94
Sobrado,Sul,Média,Sim,Não,Não,4,,20,4,-172.24,607.09
Apartamento,Sul,Baixa,,Não,Não,3,105.2,24,5,6759.02,545.89
Casa,Sul,Média,Não,Sim,Não,3,65.3,24,6,,625.18
Apartamento,Centro,Média,Não,Sim,Sim,4,103.6,17,4,5264.0,593.06
Sobrado,Norte,Alta,Não,Não,Sim,2,132.4,24,1,7913.13,458.08
Sobrado,Leste,Média,Não,Sim,Não,6,122.1,8,5,8322.39,695.88
Apartamento,Norte,Média,,Não,Sim,3,89.8,8,6,6339.22,558.75
Casa,Centro,Alta,,Não,Sim,3,85.1,6,5,1719.8,583.79
Casa,Leste,Baixa,Não,Não,Sim,4,111.5,17,5,2336.68,
Casa,Oeste,Média,Sim,Não,Não,4,76.4,17,2,3755.72,668.54
Sobrado,Leste,Média,Sim,Não,Não,4,70.4,24,6,4878.53,711.22
Apartamento,Leste,Média,,Sim,Sim,3,55.3,11,5,7603.85,608.07
Sobrado,Leste,Baixa,Não,Não,Não,3,94.3,11,4,6323.62,535.02
Apartamento,Leste,Média,Sim,Não,Não,3,,21,2,5085.61,518.97
Apartamento,Leste,Baixa,Sim,Não,Não,3,63.8,14,4,7072.45,535.79
Casa,Centro,Média,Não,Não,Não,4,148.1,16,6,3561.52,638.53
,Leste,Baixa,Sim,Sim,Não,3,105.2,20,5,7067.31,731.2
Casa,Centro,Média,Não,Não,Não,4,97.1,6,5,6069.35,468.46
Apartamento,Leste,Média,Não,Não,Sim,3,63.4,13,6,6808.03,513.68
Casa,Leste,Média,Não,Não,Não,2,108.1,16,4,7615.62,351.86
Apartamento,Centro,Média,Não,Não,Não,2,54.5,21,3,5381.05,473.52
Casa,Leste,Baixa,Sim,Não,Não,3,39.2,20,5,522.33,604.11
Apartamento,Sul,Baixa,Sim,Não,Não,3,68.4,9,5,3852.22,494.83
Casa,Leste,Média,Não,Não,Não,4,49.6,23,2,7454.12,564.25
Apartamento,Oeste,Alta,Não,Não,Não,3,99.0,21,4,4087.85,492.47
Casa,Centro,,Sim,Não,Não,3,96.0,7,5,3838.89,523.3
Apartamento,Leste,Média,Sim,Não,Não,4,,21,4,5655.61,
Casa,Leste,Alta,Não,Não,Não,3,102.5,19,2,8233.46,502.03
Apartamento,Centro,Alta,Sim,Sim,Sim,5,101.2,23,4,6645.03,878.99
Sobrado,Norte,Média,Sim,Não,Não,2,64.7,19,4,9851.95,494.01
Casa,Sul,Média,Não,Sim,Não,6,99.4,22,2,6503.78,702.51
Casa,Sul,Alta,Sim,Não,Sim,3,94.4,16,5,6407.15,710.2
Apartamento,Leste,Média,Sim,Sim,Não,3,66.5,16,4,4915.75,695.65
Apartamento,Centro,Média,Não,Não,Sim,7,74.3,7,3,1621.53,616.48
Casa,Oeste,Média,Não,Não,Não,4,110.6,15,5,5868.25,512.35
,Leste,Média,,Não,Não,3,45.5,14,2,5603.79,593.5
,Sul,Média,Não,Não,Sim,2,95.0,100,1,7158.91,460.66
Casa,Leste,Média,Não,Não,Sim,7,81.8,15,6,6262.17,717.64
Casa,Centro,Média,Não,Não,Não,5,84.2,5,3,6173.1,492.27
Apartamento,Oeste,Baixa,Sim,Não,Não,1,76.5,24,5,8338.91,725.08
Apartamento,Norte,Baixa,Sim,Não,Não,2,97.6,8,6,4847.18,501.19
Apartamento,Oeste,Alta,Não,Não,Não,2,37.7,12,2,7596.51,292.66
Sobrado,Leste,Média,Não,Não,Sim,5,92.6,24,3,8721.24,647.88
Casa,Sul,Média,Não,Não,Sim,3,53.5,17,5,4116.0,497.46
Apartamento,Centro,Baixa,Não,Sim,Não,7,115.9,21,6,4479.73,769.23
Sobrado,Leste,Média,Não,Não,Não,6,46.2,19,1,3579.75,442.96
Casa,Norte,Baixa,Sim,Não,Não,2,13.1,5,5,,437.45
Casa,Centro,Média,Não,Não,Não,3,34.1,7,1,10109.61,335.49
Sobrado,Centro,Média,Não,Não,Sim,5,83.3,21,1,13462.74,586.82
Sobrado,Centro,Média,Não,Não,Não,4,38.4,8,4,6026.2,327.22
Casa,Leste,Alta,Sim,Sim,Sim,4,45.8,12,2,4673.42,595.94
Casa,Norte,Baixa,Não,Sim,Sim,3,64.1,19,4,9844.71,614.44
Casa,Leste,Baixa,Não,Não,Sim,7,100.9,12,1,,574.06
Casa,Centro,Baixa,Sim,Não,Sim,4,62.0,18,2,3614.56,626.5
Casa,Centro,Baixa,Não,Sim,Sim,4,78.7,10,2,3304.45,539.34
Apartamento,Sul,Baixa,Não,Não,Não,3,78.2,19,2,7547.19,430.96
Sobrado,Oeste,Média,Não,Não,Não,3,41.6,24,3,6457.83,485.14
Casa,Leste,Média,Sim,Não,Sim,3,97.2,13,5,8305.81,701.04
Apartamento,Norte,Alta,Sim,Não,Não,4,152.5,9,1,7259.42,545.21
Casa,Centro,Baixa,Não,Não,Não,2,33.1,17,2,2448.45,382.17
Casa,Leste,Média,Não,Não,Sim,4,58.5,11,6,3565.93,527.37
Apartamento,Oeste,Alta,Não,Não,Não,2,46.8,21,3,3305.41,343.88
Casa,Leste,Baixa,Não,Não,Sim,6,79.1,12,3,6042.55,536.69
Casa,Oeste,Média,Sim,Não,Sim,3,41.5,9,6,5191.85,587.8
Sobrado,Leste,Média,Não,Sim,Não,-2,122.6,11,1,4360.83,633.74
Casa,Sul,Média,Não,Não,Sim,3,127.4,12,4,4722.55,490.03
,Leste,Média,Não,Não,Não,4,105.8,11,3,7185.07,439.76
Casa,Sul,Baixa,Não,Não,Sim,4,113.1,16,1,5047.73,541.38
Casa,Oeste,Média,Não,Não,Não,6,88.5,10,3,3797.4,508.55
Apartamento,Centro,Média,Não,Não,Não,3,117.4,8,1,2236.89,325.88
Apartamento,Centro,Baixa,Sim,Não,Sim,2,75.9,7,2,3242.73,417.23
Casa,Leste,,Sim,Não,Não,5,68.9,9,4,8170.46,517.25
Apartamento,Norte,Média,Sim,Não,Não,4,104.9,23,6,3829.52,784.66
Sobrado,Leste,Média,Não,Sim,Não,5,73.4,12,3,10034.36,524.69
Apartamento,Sul,Média,Sim,Não,Não,3,149.1,9,6,7073.92,745.84
Casa,Sul,Média,Não,Não,Não,4,116.6,17,3,,501.17
Apartamento,Oeste,Baixa,Não,Não,Não,6,68.3,14,3,3968.42,562.19
Apartamento,Leste,Média,Não,Não,Sim,7,79.9,10,5,228.11,569.63
Apartamento,Oeste,Média,Sim,Sim,Sim,4,80.8,5,5,4400.58,706.27
,Norte,,Não,Não,Sim,4,62.5,15,6,10371.32,622.86
Casa,Centro,Alta,Não,Não,Não,3,111.7,24,2,9583.03,507.79
Apartamento,Centro,Baixa,Não,Sim,Não,3,58.8,13,3,9521.01,447.07
Apartamento,Leste,Baixa,Não,Sim,Sim,5,82.2,20,4,7023.15,689.23
,Oeste,Média,Não,Não,Sim,4,61.9,19,5,5055.21,562.98
Sobrado,Oeste,Média,Não,Não,Sim,5,,9,1,5744.52,417.38
Sobrado,Norte,,Não,Não,Sim,4,108.1,19,1,6861.79,616.67
Apartamento,Oeste,Média,Não,Não,Não,5,105.3,5,1,5459.29,418.61
Apartamento,Sul,Baixa,Não,Não,Sim,5,74.5,19,2,3534.79,622.66
Apartamento,Sul,Baixa,Não,Não,Sim,2,119.1,8,3,5320.12,478.54
Apartamento,Sul,Alta,Não,Não,Não,6,102.2,20,3,2118.11,682.53
Sobrado,Leste,Média,Não,Não,Não,4,88.5,11,6,6986.87,448.99
Apartamento,Sul,Alta,Não,Não,Não,5,,12,5,3227.87,580.98
Casa,Sul,Baixa,Sim,Não,Não,6,127.6,6,1,6924.19,588.17
Apartamento,Centro,Baixa,Não,Não,Sim,3,98.2,16,2,2799.57,485.99
Apartamento,Leste,Média,Não,Não,Não,7,93.2,6,6,5084.31,526.24
Apartamento,Sul,Média,Não,Sim,Sim,3,27.4,18,4,6187.49,675.29
Apartamento,Norte,Média,Sim,Sim,Não,1,,23,3,5089.99,633.53
Casa,Sul,Baixa,Não,Sim,Não,7,98.9,100,3,7099.5,789.39
Casa,Leste,Média,Não,Não,Não,5,94.4,10,2,6619.24,408.11
Casa,Oeste,Baixa,Não,Não,Não,6,58.0,23,6,4445.56,632.75
Casa,Centro,,Não,Não,Não,6,64.4,21,6,4025.11,681.69
Casa,Centro,Baixa,Não,Não,Sim,2,106.7,7,5,3847.08,462.66
Apartamento,Leste,Média,Não,Sim,Não,5,73.4,24,2,3487.75,606.69
Casa,Sul,,Não,Não,Não,3,90.3,14,6,10742.79,464.09
Sobrado,Norte,Média,Sim,Sim,Sim,3,21.9,17,5,3923.43,713.04
Casa,Sul,Média,Não,Não,Não,4,84.5,24,6,8230.26,605.27
Casa,Sul,Baixa,Não,Sim,Não,2,109.2,22,3,5909.34,519.19
Apartamento,Norte,Média,Sim,Não,Sim,1,94.1,23,5,4611.57,641.54
,Centro,Baixa,Não,Não,Não,6,80.8,21,6,5985.38,642.15
Sobrado,Sul,Média,Sim,Não,Não,5,53.5,12,5,6136.56,654.73
,Oeste,Média,,Não,Sim,3,31.2,22,5,1105.44,579.67
Casa,Oeste,Alta,Não,Não,Não,5,61.6,11,6,5305.74,546.64
Sobrado,Leste,Baixa,Não,Sim,Não,3,116.2,15,5,5515.98,614.86
Casa,Leste,Média,Não,Não,Não,5,83.4,7,1,4677.31,430.38
Casa,Norte,Média,Não,Não,Não,4,105.7,6,1,192.75,412.6
Casa,Norte,,Não,Não,Não,3,128.0,23,6,4669.82,
Apartamento,Leste,,,Sim,Sim,1,88.7,15,1,9533.79,553.97
Casa,Sul,Média,Não,Sim,Sim,4,110.4,12,1,6876.35,534.59
Apartamento,Centro,Baixa,Sim,Não,Sim,6,119.1,15,2,2868.44,718.02
Apartamento,Oeste,Média,Não,Sim,Não,2,43.0,6,4,7732.97,454.17
Sobrado,Norte,Média,Sim,Não,Não,4,62.1,16,6,2732.12,607.11
Casa,Leste,Média,Não,Não,Não,4,34.5,13,5,6172.25,396.75
Casa,Oeste,Média,Sim,Não,Não,3,30.4,10,2,6193.22,439.49
Casa,Norte,Média,Sim,Não,Sim,3,70.0,16,6,4582.35,672.31
Apartamento,Norte,Baixa,Sim,Não,Não,4,77.3,22,1,8105.62,602.04
Casa,Sul,Média,Sim,Não,Não,5,28.8,9,5,,599.55
,Norte,Alta,Não,Sim,Não,4,98.6,21,4,3561.69,635.95
Apartamento,Centro,Baixa,,Sim,Não,5,70.4,20,6,4774.81,670.83
Casa,Norte,Média,Não,Não,Não,2,128.1,16,5,3358.2,
Apartamento,Centro,Média,Sim,Não,Não,1,90.5,6,3,4066.33,
Casa,Sul,Média,Sim,Não,Não,2,90.3,20,3,7125.31,612.81
Casa,Centro,Média,Não,Não,Não,1,,5,6,5466.28,-150.0
Casa,Oeste,Baixa,Sim,Não,Sim,4,81.4,24,2,8073.58,712.96
Casa,Norte,Média,Não,Sim,Não,3,96.1,6,4,1548.25,498.1
Apartamento,Leste,Baixa,Não,Não,Sim,3,112.2,17,2,6190.0,560.29
,Leste,Média,,Não,Sim,4,45.0,20,5,7577.96,575.52
Casa,Centro,Média,Sim,Não,Sim,4,59.9,5,4,5753.5,510.82
Sobrado,Sul,Média,Sim,Sim,Sim,2,93.8,23,6,2092.67,887.28
Casa,Centro,Baixa,Não,Não,Não,3,83.8,8,2,2875.01,428.42
Casa,Centro,Média,Não,Não,Não,1,,24,5,7771.35,507.16
,Centro,Média,Não,Não,Não,3,64.8,7,1,4167.6,334.29
Apartamento,Oeste,Baixa,Não,Não,Sim,4,122.9,6,5,3551.17,536.63
Sobrado,Oeste,Média,Não,Não,Sim,7,69.5,16,2,4652.95,571.87
Apartamento,Centro,Baixa,Não,Não,Não,1,75.5,17,6,4866.89,487.12
Sobrado,Sul,Baixa,Sim,Não,Não,4,117.8,22,6,8465.51,795.49
Casa,Norte,Baixa,Não,Não,Não,8,102.1,9,4,1137.08,602.0
Casa,Leste,Baixa,Sim,Não,Não,4,,16,4,6939.58,720.31
Apartamento,Oeste,Alta,Não,Não,Não,1,113.5,23,1,9151.8,476.1
Apartamento,Norte,Baixa,Não,Não,Não,5,123.7,5,2,7863.32,462.55
Casa,Oeste,Alta,Não,Sim,Não,2,76.1,13,6,11309.47,484.1
Sobrado,Oeste,Média,Sim,Não,Não,5,124.1,5,6,4356.74,685.55
Casa,Oeste,Média,Não,Não,Não,3,,22,1,7730.45,469.93
Casa,Centro,Média,Não,Não,Não,5,18.4,7,3,5285.0,342.3
Apartamento,Centro,Alta,Não,Não,Não,2,99.2,10,6,4202.78,483.85
Apartamento,Oeste,Média,,Não,Sim,3,101.8,8,5,-50.15,496.28
Casa,Oeste,Alta,,Não,Não,7,52.2,16,3,4338.09,683.65
Casa,Leste,Média,Não,Sim,Não,3,95.8,16,3,8162.71,646.46
Apartamento,Norte,Baixa,Não,Não,Sim,6,88.5,9,1,1210.84,
Apartamento,Norte,Alta,Sim,Sim,Não,1,121.4,17,1,10744.11,565.83
Apartamento,Sul,,,Sim,Não,8,98.1,16,5,6524.51,903.33
Apartamento,Sul,Baixa,Não,Não,Não,8,85.0,8,1,2736.36,521.52
Casa,Sul,Alta,Não,Não,Não,5,45.1,10,1,6071.59,378.45
Sobrado,Centro,Média,Sim,Não,Não,3,26.0,23,1,7216.93,613.79
,Centro,Alta,Não,Não,Não,3,123.0,10,6,4277.79,443.2
Casa,Leste,Alta,Não,Não,Não,4,96.8,10,1,3940.11,429.06
Casa,Centro,Alta,Não,Não,Sim,2,77.8,15,1,10435.42,416.95
Casa,Sul,Alta,Não,Não,Não,1,10160.0,18,3,4650.29,413.94
Apartamento,Oeste,Baixa,Não,Sim,Não,5,77.9,7,3,5140.93,587.1
Sobrado,Sul,Baixa,Sim,Não,Não,5,25.0,12,5,8808.45,695.93
Apartamento,Leste,Baixa,Não,Sim,Sim,5,115.4,8,4,,639.87
Sobrado,Oeste,Baixa,Não,Não,Não,5,119.2,20,5,7411.32,662.25
Casa,Centro,Média,Não,Não,Não,6,75.1,22,6,4320.51,653.42
Apartamento,Oeste,Média,Sim,Não,Não,3,83.8,11,6,3755.69,599.97
Casa,Leste,Média,Não,Não,Sim,6,66.6,15,6,6452.2,653.25
Casa,Centro,Média,Não,Sim,Sim,3,140.3,12,2,3047.53,595.85
Apartamento,Norte,Média,Sim,Não,Não,2,121.1,24,5,6517.84,639.98
Casa,Sul,Média,Sim,Não,Não,5,60.6,10,5,3205.74,679.44
Apartamento,Sul,Média,Sim,Não,Não,4,103.2,20,1,6493.97,651.11
Apartamento,Leste,Baixa,Não,Não,Não,3,,9,1,8587.59,335.73
Apartamento,Leste,Baixa,Não,Não,Não,2,60.6,10,1,516.37,284.35
Casa,Sul,,Sim,Não,Não,3,71.7,10,4,4472.08,554.67
Apartamento,Oeste,Média,Sim,Sim,Não,4,66.8,6,6,600.71,655.18
Sobrado,Norte,Média,,Sim,Não,2,38.2,11,1,4766.69,398.58
Sobrado,Norte,Média,Sim,Não,Sim,7,,13,2,6340.61,753.82
Apartamento,Leste,Baixa,Não,Não,Sim,7,91.3,19,3,4649.97,
,Leste,Baixa,Não,Não,Não,3,131.6,18,2,147.67,565.91
Casa,Oeste,Média,,Não,Não,6,80.0,17,4,7747.05,537.53
Apartamento,Leste,Baixa,Não,Não,Não,4,41.0,9,1,1850.67,321.77
Apartamento,Norte,Média,Sim,Não,Não,3,115.8,21,5,7589.06,717.74
Apartamento,Sul,Média,Sim,Não,Não,6,92.8,9,3,3633.03,653.46
Apartamento,Norte,Baixa,Não,Sim,Não,6,77.0,7,6,3324.16,653.03
Casa,Oeste,Média,Não,Não,Não,7,121.1,13,4,5527.11,642.63
Casa,Sul,Média,,Não,Não,1,44.7,13,2,8165.61,271.34
,Sul,Média,Sim,Não,Não,1,114.4,8,1,10388.96,470.11
Casa,Norte,Baixa,Não,Não,Sim,3,106.5,24,4,4474.56,570.91
Casa,Sul,Média,Não,Não,Não,4,91.9,15,4,2245.03,552.13
Casa,Sul,Baixa,Não,Não,Não,6,40.7,21,5,6364.55,549.72
Casa,Leste,Média,Não,Não,Não,3,113.1,18,6,2152.0,513.11
Apartamento,Sul,Média,Sim,Não,Não,1,107.3,14,5,7359.37,519.15
,Oeste,Baixa,Não,Não,Não,6,9300.0,9,5,6608.9,559.66
Casa,Sul,Baixa,Não,Não,Não,5,83.4,21,6,8886.92,613.72
Apartamento,Leste,Baixa,Não,Não,Sim,3,51.1,20,2,8133.83,487.15
Casa,Centro,Média,Não,Sim,Sim,2,51.4,5,5,5848.94,465.95
Apartamento,Centro,Baixa,Não,Não,Não,6,61.7,14,6,5577.94,573.14
Casa,Oeste,Alta,Não,Sim,Não,4,37.7,16,4,3281.84,532.24
Sobrado,Oeste,Baixa,Não,Não,Não,5,38.7,22,4,3231.94,479.83
Casa,Sul,,Sim,Não,Não,5,71.7,5,6,5396.83,544.75
Apartamento,Sul,Alta,,Não,Não,4,45.0,16,4,2807.02,434.44
Sobrado,Centro,Média,Não,Sim,Sim,2,78.0,24,3,4830.47,596.71
Sobrado,Centro,Média,Sim,Não,Não,2,87.0,10,3,4323.67,568.21
Casa,Norte,Baixa,Não,Não,Sim,5,41.5,12,6,,505.48
Apartamento,Centro,Alta,Sim,Sim,Não,3,109.8,18,6,5443.93,716.66
,Centro,Média,Sim,Não,Sim,4,115.3,9,2,7987.49,534.85
Apartamento,Oeste,Alta,Não,Não,Não,3,19.4,8,6,4745.57,407.02
Casa,Norte,Média,Não,Não,Não,5,125.6,20,5,2576.69,618.43
Apartamento,Norte,,Não,Sim,Sim,3,101.8,10,4,,515.38
Casa,Sul,Média,Sim,Não,Não,6,87.8,7,5,5189.93,653.73
Apartamento,Sul,Alta,Sim,Sim,Não,3,,8,6,4824.82,676.76
Apartamento,Norte,Baixa,Não,Sim,Não,4,88.2,12,4,,625.66
Sobrado,Norte,Média,Não,Sim,Não,3,61.6,18,3,5471.22,508.27
Apartamento,Sul,Média,Sim,Não,Não,4,40.2,11,4,4824.06,632.6
Casa,Oeste,Média,Não,Não,Não,5,81.5,8,2,6792.04,446.1
,Oeste,Média,Não,Não,Não,4,81.4,23,1,7349.84,487.49
Casa,Oeste,Média,Não,Não,Não,5,33.9,15,4,4573.98,475.95
Apartamento,Oeste,Baixa,Não,Não,Não,2,74.3,19,6,10499.16,500.07
Apartamento,Sul,Média,Sim,Não,Sim,4,131.1,20,2,4074.18,706.92
Apartamento,Leste,Média,,Não,Sim,3,100.1,10,3,5545.04,422.44
Casa,Centro,Baixa,Não,Sim,Não,2,44.6,16,3,1444.19,500.53
Apartamento,Centro,Média,Sim,Não,Não,3,94.1,12,1,5238.82,568.31
Apartamento,Centro,Baixa,Não,Não,Sim,5,106.1,14,6,,671.71
Sobrado,Centro,Baixa,Sim,Não,Não,5,115.9,15,5,5375.96,702.1
Apartamento,Sul,Média,Não,Sim,Sim,2,102.5,13,5,7942.43,
Casa,Leste,Alta,Sim,Sim,Não,1,119.8,21,4,9698.56,707.02
Casa,Sul,Média,Não,Não,Sim,4,107.7,18,3,8270.12,556.76
Casa,Leste,Média,Não,Não,Sim,6,77.7,7,2,5243.24,481.68
Apartamento,Sul,Média,Sim,Não,Não,5,94.9,13,1,5991.99,643.84
Apartamento,Norte,Média,Não,Não,Não,2,78.1,24,5,9307.83,436.56
Casa,Leste,Baixa,Não,Sim,Sim,4,97.1,22,4,2997.18,762.88
Casa,Centro,Média,Não,Não,Não,7,107.1,21,4,7462.24,677.06
,Leste,,Não,Não,Não,6,82.7,9,3,3279.93,473.56
,Oeste,Média,Sim,Não,Não,5,94.1,24,2,8357.78,675.52
Casa,Leste,Baixa,Sim,Não,Não,7,70.5,10,2,5165.36,624.5
Casa,Oeste,,Sim,Não,Não,3,75.8,7,5,3300.89,570.99
Casa,Oeste,Média,Não,Não,Sim,5,82.9,20,4,3855.67,630.63
Casa,Norte,Alta,Sim,Não,Sim,6,68.2,19,3,4252.58,721.73
Apartamento,Leste,Baixa,Não,Não,Não,1,124.8,12,2,7882.36,344.98
,Norte,Baixa,Sim,Não,Sim,3,102.9,13,4,8848.62,652.74
Casa,Centro,Baixa,Não,Não,Não,6,107.2,8,2,4495.2,619.94
,Leste,Média,Sim,Sim,Sim,2,101.8,17,1,3318.87,
Casa,Sul,Média,Sim,Sim,Não,4,90.1,7,2,10574.48,670.39
Sobrado,Sul,Média,Sim,Não,Sim,3,48.5,11,2,7547.53,
Casa,Sul,Baixa,Não,Não,Não,5,118.7,20,4,3561.68,637.76
Casa,Oeste,Média,Não,Não,Não,11,147.4,21,2,6398.75,778.17
Apartamento,Sul,Média,Sim,Sim,Não,1,104.8,21,2,4469.35,633.02
Casa,Centro,Baixa,Não,Não,Não,3,61.4,23,1,2287.07,513.71
Casa,Leste,Alta,Não,Não,Não,7,102.8,24,2,4724.88,644.54
Apartamento,Leste,Baixa,Não,Não,Não,5,61.0,21,2,2073.33,511.17
Apartamento,Oeste,Média,Não,Não,Não,3,70.7,6,4,4298.64,355.87
Apartamento,Oeste,Média,Sim,Não,Não,3,12.4,9,3,4533.09,425.39
Apartamento,Oeste,,Sim,Não,Não,4,126.1,20,1,4150.69,639.71
Apartamento,Centro,Média,Sim,Não,Sim,6,94.5,15,2,7777.39,749.37
Apartamento,Leste,Média,Não,Não,Sim,2,102.2,10,3,6510.82,461.44
Apartamento,Norte,Média,Não,Não,Não,4,108.7,15,4,3901.88,533.05
Apartamento,Oeste,Média,Não,Não,Não,4,99.3,5,1,6306.72,430.31
,Sul,Baixa,Sim,Não,Sim,2,114.3,23,6,8764.89,652.27
Casa,Norte,Média,Sim,Não,Sim,3,126.0,7,4,3425.17,613.77
Casa,Norte,Média,Não,Não,Sim,5,83.9,12,3,2214.8,503.61
Casa,Oeste,Média,Não,Sim,Não,2,35.2,22,1,2788.64,
Apartamento,Sul,Média,Não,Não,Sim,3,59.7,17,2,6441.29,454.21
Casa,Oeste,Baixa,Sim,Sim,Sim,2,103.6,5,3,9224.57,645.61
Casa,Oeste,Baixa,Não,Não,Não,3,54.2,24,4,7619.54,552.66
,Sul,Alta,Sim,Não,Não,3,83.1,21,1,8712.31,
Casa,Norte,Alta,Não,Não,Não,4,160.0,9,3,1.65,541.83
Apartamento,Norte,Média,Sim,Não,Não,2,116.3,16,6,3416.65,677.57
Apartamento,Sul,Baixa,Não,Não,Não,4,24.7,15,3,2705.45,461.77
Apartamento,Norte,Média,Não,Sim,Não,1,154.9,22,4,6896.55,578.91
Casa,Centro,Média,Não,Não,Sim,3,126.0,12,4,5001.64,457.02
Sobrado,Oeste,Média,Não,Sim,Não,4,104.9,17,2,-1998.82,682.64
Sobrado,Centro,Baixa,Não,Não,Não,3,89.0,6,2,7399.23,346.02
Apartamento,Centro,Baixa,Não,Não,Sim,3,43.6,20,3,8420.2,538.44
Sobrado,Centro,Média,Não,Não,Sim,4,73.8,16,4,10523.58,520.51
Apartamento,Leste,Baixa,Sim,Não,Sim,4,25.5,12,3,5912.62,672.35
Sobrado,Leste,Média,Sim,Não,Sim,4,113.5,8,5,7047.56,638.73
Apartamento,Centro,Média,Não,Não,Sim,2,90.6,18,6,,543.07
Sobrado,Oeste,,Não,Não,Sim,3,62.7,13,4,1395.82,576.92
Apartamento,Centro,Baixa,Sim,Sim,Sim,2,115.3,15,5,8608.76,666.85
Apartamento,Centro,Média,Sim,Não,Não,1,95.0,20,5,6867.69,644.78
Apartamento,Leste,Média,Sim,Não,Sim,3,134.2,10,4,8621.7,641.64
Casa,Centro,Baixa,Não,Não,Não,6,71.7,16,2,4860.65,560.37
Casa,Oeste,Média,Sim,Sim,Não,6,126.8,23,3,11425.17,856.46
Sobrado,Oeste,Média,Sim,Sim,Não,3,91.7,20,1,6282.71,749.15
,Centro,Alta,Sim,Não,Não,6,61.8,17,1,3615.99,603.08
Apartamento,Oeste,Baixa,Sim,Não,Não,2,102.8,8,6,4705.12,556.19
Casa,Centro,Média,Não,Não,Não,6,87.2,16,4,1490.33,620.57
Casa,Leste,Alta,Não,Sim,Sim,5,98.7,8,2,3144.15,551.91
Sobrado,Centro,Média,Sim,Sim,Não,3,55.4,21,2,4532.25,674.59
Sobrado,Norte,Média,Sim,Não,Não,9,15.7,18,2,9374.47,683.0
Apartamento,Leste,Baixa,Não,Não,Sim,2,70.2,21,1,5335.44,436.09
Casa,Oeste,Média,Não,Não,Não,3,102.2,5,5,8210.92,535.08
Apartamento,Oeste,Média,Sim,Sim,Não,4,101.3,24,6,5250.35,901.54
Casa,Leste,Média,Sim,Não,Não,4,71.4,5,1,2934.77,512.24
Casa,Norte,,Não,Não,Não,4,92.0,6,2,6863.76,413.42
Casa,Leste,Alta,Não,Não,Sim,4,73.2,21,1,3388.0,456.42
Apartamento,Sul,Média,Não,Sim,Sim,4,81.0,5,1,4507.39,487.49
Casa,Norte,Alta,,Não,Sim,4,122.9,16,6,10578.99,793.11
Apartamento,Leste,Média,Não,Não,Não,3,45.0,17,3,7011.28,405.6
Casa,Sul,Média,Não,Não,Não,4,141.6,18,4,3449.23,589.67
,Centro,Média,Não,Não,Não,8,90.2,14,5,7330.27,608.03
Casa,Norte,Média,Não,Não,Não,5,145.6,16,20,3155.55,529.09
Sobrado,Centro,Baixa,Sim,Não,Sim,3,140.8,22,4,1114.83,847.38
Apartamento,Sul,Baixa,Não,Não,Sim,5,16.8,11,2,8231.24,544.93
Casa,Oeste,Média,Sim,Não,Não,4,90.5,23,6,6237.09,729.6
Apartamento,Oeste,Alta,Não,Não,Não,4,55.6,19,6,5006.88,505.02
Sobrado,Oeste,Média,Não,Não,Não,2,,11,3,1336.43,332.41
Apartamento,Centro,Baixa,Não,Não,Sim,3,98.7,18,4,4711.68,562.9
Apartamento,Norte,Baixa,Sim,Não,Não,1,128.7,13,6,5980.57,669.89
Casa,Centro,Média,Sim,Não,Não,2,,9,3,2586.06,431.8
Apartamento,Centro,Média,Sim,Sim,Sim,4,160.9,5,6,5605.65,796.77
Apartamento,Oeste,Alta,Sim,Não,Não,7,67.6,20,1,,710.53
Apartamento,Centro,Média,Sim,Não,Não,3,44.7,9,1,6066.54,530.19
Sobrado,Sul,Média,Não,Não,Não,5,117.8,12,3,6960.85,533.65
Casa,Leste,Média,Não,Não,Não,3,88.8,23,3,4400.42,450.1
Casa,Leste,Média,Não,Não,Não,6,151.3,24,5,2872.27,752.04
Sobrado,Leste,Média,Não,Sim,Sim,3,55.5,16,20,4096.15,551.64
,Oeste,Baixa,Não,Não,Não,7,,12,1,8137.33,-150.0
Casa,Oeste,Baixa,Não,Não,Sim,2,123.1,12,6,5256.82,567.49
Casa,Leste,Média,Sim,Não,Não,4,59.6,10,3,4994.39,533.56
Sobrado,Norte,Baixa,Sim,Não,Não,5,123.4,24,4,4236.0,785.07
,Leste,Baixa,Não,Sim,Sim,3,96.9,13,6,2321.37,635.71
Casa,Centro,Baixa,Não,Não,Não,5,54.8,6,2,8918.43,384.88
Casa,Leste,Alta,Não,Não,Sim,1,122.9,22,4,4979.82,492.09
Sobrado,Leste,Baixa,Não,Não,Não,2,79.1,5,6,4171.16,404.37
Sobrado,Norte,Média,Não,Não,Não,6,120.7,15,2,5699.3,509.72
Apartamento,Oeste,Média,Não,Não,Sim,4,63.9,19,4,4176.11,598.29
Apartamento,Oeste,Média,Não,Não,Sim,6,41.4,16,1,6282.22,489.83
Casa,Centro,Média,Não,Não,Não,6,71.8,7,3,3788.55,
Casa,Leste,Média,Sim,Não,Não,3,81.3,23,6,5808.99,753.28
Apartamento,Sul,Média,,Não,Não,-2,,24,3,5368.58,656.95
Casa,Centro,Baixa,Não,Não,Não,4,101.0,23,5,10138.68,509.21
Apartamento,Oeste,Média,Não,Sim,Não,4,143.8,14,6,10276.16,668.84
Apartamento,Norte,Alta,Não,Não,Não,3,81.9,20,3,7468.69,510.22
Casa,Oeste,Alta,Sim,Não,Sim,3,138.5,10,6,5279.26,711.39
Apartamento,Oeste,Média,Não,Sim,Não,2,115.7,13,1,7507.66,441.31
Apartamento,Norte,Alta,Sim,Não,Não,1,82.6,12,2,7428.02,432.9
Apartamento,Leste,Alta,Não,Não,Não,3,94.2,20,2,4324.5,483.12
Casa,Leste,Média,Não,Sim,Não,1,96.9,12,3,1375.89,498.94
Casa,Oeste,Média,Sim,Não,Não,7,115.8,22,4,742.45,758.04
Apartamento,Centro,Média,,Sim,Não,3,120.3,9,3,5202.46,592.66
Sobrado,Sul,Alta,,Não,Não,4,43.0,24,6,4237.59,760.39
Casa,Centro,Média,Sim,Não,Não,4,114.4,16,2,4139.69,681.75
Sobrado,Centro,Média,Não,Não,Não,7,97.2,10,6,3488.35,568.07
Apartamento,Oeste,Baixa,Sim,Não,Não,1,96.8,6,5,3379.78,462.68
Apartamento,Oeste,Baixa,Não,Sim,Sim,3,81.0,8,2,7137.1,597.76
Casa,Sul,Baixa,Sim,Não,Não,3,106.1,20,4,-2072.9,692.1
Casa,Sul,Baixa,Sim,Sim,Não,1,111.7,18,4,6970.67,
Casa,Sul,Alta,Não,Não,Não,4,88.4,21,5,-4000.0,
Casa,Oeste,Baixa,Não,Não,Não,4,115.7,23,6,9101.86,604.42
Sobrado,Oeste,Média,Não,Não,Sim,4,66.1,8,6,6165.8,513.59
Casa,Centro,Baixa,Sim,Sim,Não,3,85.4,22,6,,761.91
Apartamento,Oeste,Baixa,Sim,Sim,Não,5,95.8,16,4,821.12,803.06
Casa,Leste,Baixa,Sim,Não,Não,4,75.7,6,3,2643.96,561.73
Apartamento,Leste,,Não,Sim,Não,2,75.1,10,3,,461.63
Casa,Sul,Média,Sim,Não,Sim,3,57.1,10,2,1217.82,560.07
Casa,Oeste,Média,Não,Sim,Não,4,97.9,7,1,5775.92,533.26
Casa,Leste,Alta,Não,Não,Não,5,143.3,12,3,7256.03,564.95
Apartamento,Centro,Alta,Sim,Não,Não,2,103.1,16,3,4180.15,574.94
Casa,Norte,Média,Não,Não,Não,4,80.0,7,6,3279.93,485.2
Casa,Centro,Baixa,Sim,Não,Sim,5,124.5,6,6,122.6,762.6
Casa,Norte,Baixa,Não,Não,Sim,2,84.0,5,5,9275.24,369.01
Sobrado,Centro,Baixa,Não,Sim,Não,6,107.5,22,3,10066.93,735.46
Apartamento,Leste,Baixa,Sim,Não,Sim,4,101.8,22,2,8549.56,623.71
Apartamento,Oeste,Média,Não,Sim,Não,4,40.2,12,6,4808.43,547.45
Apartamento,Norte,Baixa,Não,Não,Não,3,88.0,18,5,5365.85,593.03
Casa,Oeste,Alta,Sim,Não,Não,3,149.3,17,3,7214.01,613.8
Apartamento,Oeste,Média,,Não,Não,4,68.7,19,2,5866.59,406.41
Casa,Leste,Baixa,,Não,Não,2,132.8,19,5,-2289.87,478.96
Casa,Sul,Média,Não,Sim,Não,5,115.4,17,1,7795.31,644.92
Apartamento,Sul,Média,Sim,Não,Não,5,71.5,8,6,8547.35,625.43
Apartamento,Norte,Baixa,Não,Não,Sim,1,88.2,8,2,8179.46,304.09
Casa,Leste,Média,Sim,Sim,Sim,4,56.3,9,3,6630.7,726.02
Casa,Oeste,Baixa,Não,Não,Não,6,113.5,7,5,7895.17,567.38
Apartamento,Centro,Baixa,Não,Não,Não,7,56.6,16,1,1967.85,479.89
Apartamento,Centro,Média,Sim,Não,Sim,5,100.1,24,2,5266.1,748.12
Casa,Norte,Média,Não,Sim,Não,2,142.9,16,1,3828.38,620.58
Casa,Norte,Baixa,Não,Não,Não,2,68.6,24,2,9128.49,435.81
Sobrado,Norte,Média,Não,Não,Não,2,98.4,11,3,5959.92,314.33
Apartamento,Leste,Alta,Não,Não,Sim,5,43.1,11,2,5102.43,493.94
Sobrado,Centro,Média,Sim,Sim,Sim,2,89.3,5,3,2955.25,616.59
Casa,Leste,,Não,Não,Não,4,57.6,16,2,2851.76,505.81
Apartamento,Leste,Média,Sim,Não,Sim,2,,7,5,2678.5,549.14
Casa,Oeste,Média,Não,Não,Não,6,71.9,19,2,7362.88,572.59
,Leste,Baixa,Não,Não,Não,5,58.3,13,2,6994.89,468.56
Casa,Leste,Alta,Não,Não,Não,8,83.9,24,4,6125.26,709.22
Casa,Oeste,Média,Sim,Não,Não,3,8.4,13,4,7477.87,523.12
,Sul,Baixa,Não,Não,Não,5,56.4,18,2,3486.2,522.85
Apartamento,Oeste,Média,Não,Não,Sim,5,159.1,7,4,890.83,605.95
Apartamento,Norte,Média,Sim,Não,Sim,2,81.1,12,3,7208.27,599.3
Apartamento,Sul,Baixa,Não,Não,Não,3,,10,4,5359.37,310.75
Sobrado,Centro,Baixa,Sim,Não,Não,5,99.2,16,2,7582.12,580.98
,Leste,Baixa,Sim,Não,Não,3,119.8,6,6,6565.22,598.42
Apartamento,Sul,Alta,Sim,Sim,Não,3,137.5,7,1,5316.18,617.96
Sobrado,Centro,Baixa,Sim,Sim,Não,3,,18,6,6013.97,699.1
Apartamento,Oeste,Baixa,Não,Não,Sim,4,82.3,21,6,9022.72,610.0
,Oeste,Baixa,Não,Não,Não,2,100.1,7,6,4774.7,376.9
Sobrado,Norte,Média,Não,Sim,Sim,2,90.3,8,6,7341.9,574.72
Casa,Norte,Alta,Sim,Não,Não,2,83.5,19,1,6272.71,495.03
Apartamento,Sul,Média,Sim,Sim,Não,4,106.6,11,2,1313.33,679.6
Casa,Leste,Baixa,Não,Não,Não,3,106.2,23,2,2214.87,556.71
Apartamento,Oeste,Média,Sim,Sim,Não,6,90.3,18,1,5400.97,724.08
Apartamento,Sul,Média,Não,Não,Não,5,160.9,20,5,4255.76,599.49
,Sul,Média,Não,Sim,Sim,7,145.7,17,4,3124.79,774.87
Apartamento,Sul,Média,Não,Não,Não,3,105.2,24,5,8176.85,532.53
Apartamento,Norte,Baixa,Não,Não,Não,5,123.3,21,3,1761.48,599.78
Casa,Oeste,Baixa,Não,Não,Não,6,68.3,21,6,5003.4,560.91
Casa,Norte,Baixa,,Não,Não,5,,14,6,3314.99,637.73
Casa,Norte,Alta,Não,Não,Sim,7,110.5,11,1,9206.95,528.92
Apartamento,Sul,Média,,Sim,Não,6,130.4,24,1,11793.79,656.65
Apartamento,Centro,Média,Não,Não,Não,4,57.5,21,5,4721.94,542.51
Sobrado,Centro,Alta,Não,Não,Não,5,68.8,16,20,7621.55,503.39
Casa,Centro,Alta,Não,Não,Sim,4,90.9,15,5,8674.38,628.52
Casa,Sul,Baixa,Não,Não,Sim,4,134.3,14,3,7746.81,549.55
Casa,Leste,Baixa,Não,Não,Não,3,,12,2,7477.62,395.98
Casa,Oeste,Alta,Não,Não,Não,4,123.1,19,6,1067.91,629.93
Apartamento,Sul,Alta,Não,Não,Sim,4,83.8,22,2,8440.76,605.06
Sobrado,Sul,Média,Não,Sim,Não,4,110.5,17,1,6398.19,485.94
Casa,Norte,Alta,Sim,Não,Não,5,55.9,20,2,4927.39,644.26
Sobrado,Centro,Baixa,Não,Sim,Não,5,65.9,17,5,,737.29
,Sul,Baixa,Sim,Sim,Não,3,81.0,8,3,,577.85
Sobrado,Leste,Média,Não,Sim,Não,3,52.6,15,1,4864.99,477.1
Casa,Oeste,Média,Não,Não,Sim,4,50.9,23,2,4612.72,586.7
Sobrado,Leste,Média,Não,Não,Não,3,75.0,12,1,3055.78,398.38
Casa,Sul,Média,Sim,Não,Não,3,43.1,14,1,6775.42,446.5
Sobrado,Sul,Baixa,Sim,Não,Não,1,83.0,16,3,5096.07,508.67
,Norte,Baixa,Não,Não,Não,5,95.1,24,5,3517.74,576.79
Casa,Leste,Alta,Sim,Sim,Sim,2,61.4,15,6,5744.43,660.16
Apartamento,Norte,Baixa,Sim,Não,Sim,4,75.9,24,5,5607.07,805.21
Casa,Leste,Média,Não,Não,Não,3,75.0,8,4,6764.55,437.03
Apartamento,Centro,,Não,Não,Sim,4,132.7,23,5,5425.3,748.8
Sobrado,Centro,Média,Não,Não,Não,4,89.8,24,2,,580.39
Apartamento,Leste,Alta,,Não,Não,2,152.7,14,4,4817.27,475.04
Apartamento,Norte,Média,Não,Não,Não,6,,19,4,4997.15,543.7
Casa,Centro,Média,Não,Sim,Não,4,72.6,17,4,6193.9,656.22
Apartamento,Sul,Baixa,Não,Não,Não,5,119.5,17,4,6467.87,608.71
Apartamento,Oeste,Média,Sim,Sim,Não,5,9.4,22,5,8529.04,795.45
Sobrado,Norte,Média,Não,Não,Não,3,108.4,11,4,8119.3,478.36
Casa,Leste,Baixa,Não,Não,Não,4,82.2,18,2,5391.0,537.36
Apartamento,Oeste,Alta,Não,Não,Sim,2,88.4,9,2,1974.64,323.99
Casa,Oeste,Média,Sim,Não,Não,2,74.9,13,1,7210.05,424.79
Casa,Sul,Baixa,Não,Sim,Não,2,102.7,21,2,6819.54,507.2
Casa,Norte,Baixa,Não,Não,Não,5,29.6,9,6,6042.56,488.02
Casa,Oeste,Baixa,Não,Não,Não,4,62.7,20,1,7433.0,443.85
Casa,Norte,Média,Não,Sim,Não,6,143.8,13,2,4578.55,710.19
Casa,Sul,Média,Não,Não,Não,3,86.9,21,4,1512.44,512.46
Apartamento,Leste,Média,Sim,Não,Não,8,49.5,22,3,3314.1,878.89
Casa,Oeste,Baixa,Não,Não,Sim,7,86.9,7,4,-1742.31,663.33
Sobrado,Oeste,Baixa,Sim,Não,Sim,7,107.4,9,5,6609.59,774.92
Casa,Oeste,Baixa,Não,Não,Sim,4,87.9,21,1,5334.94,478.99
Casa,Norte,Média,Não,Não,Não,4,81.6,24,3,7651.76,580.45
Apartamento,Oeste,Baixa,Não,Não,Não,4,67.3,8,2,7383.9,
Apartamento,Norte,Baixa,Sim,Não,Não,3,4700.0,8,4,4275.48,459.45
Apartamento,Centro,Baixa,Sim,Não,Não,6,,11,1,3438.71,544.28
Apartamento,Centro,Média,Não,Não,Não,3,60.1,12,1,3530.63,344.51
Casa,Norte,Média,Sim,Não,Não,5,124.4,6,2,10287.71,615.83
Apartamento,Centro,Média,Sim,Não,Sim,1,72.3,14,1,5121.66,509.8
Apartamento,Sul,Média,Não,Não,Não,3,80.1,9,2,4816.35,329.68
Casa,Sul,Média,Não,Não,Não,9,39.3,21,2,6228.62,631.06
Apartamento,Centro,Baixa,Não,Não,Sim,4,85.2,11,4,1533.76,450.49
Apartamento,Leste,Baixa,Não,Não,Não,3,72.9,6,1,4506.98,344.69
Casa,Norte,Média,Sim,Não,Não,3,75.0,10,5,3358.38,478.79
Apartamento,Centro,Baixa,Sim,Não,Não,2,67.2,14,5,2834.16,541.92
Sobrado,Norte,Média,Não,Não,Não,4,67.6,13,4,4844.64,437.77
Apartamento,Centro,Baixa,Não,Não,Não,3,,9,4,5618.1,433.48
Casa,Sul,Baixa,Sim,Sim,Não,3,84.1,7,2,2362.65,546.29
,Leste,Baixa,Não,Não,Sim,4,17.2,15,5,4586.02,462.23
Casa,Norte,Média,Não,Não,Não,6,34.6,14,1,5699.95,478.98
Casa,Leste,Baixa,Não,Não,Não,2,69.2,20,5,6628.98,492.51
Casa,Sul,Baixa,Sim,Não,Não,4,112.7,24,4,4817.89,678.34
Apartamento,Oeste,Baixa,Não,Sim,Sim,5,42.5,23,4,6325.08,720.74
Sobrado,Oeste,Média,Não,Não,Não,5,102.4,5,2,4619.37,543.71
Apartamento,Norte,Média,Sim,Sim,Não,6,134.7,15,1,,758.01
Sobrado,Sul,Baixa,Sim,Não,Não,6,77.0,19,4,6860.05,668.02
,Norte,Média,Sim,Não,Não,1,71.5,11,6,3822.08,517.85
Casa,Norte,Média,Não,Não,Sim,5,101.1,12,1,4261.68,452.81
Apartamento,Norte,Média,Não,Não,Não,4,88.3,20,5,6480.71,547.83
Sobrado,Leste,Média,Sim,Não,Não,3,66.3,22,2,4187.42,573.94
Apartamento,Centro,Média,Não,Não,Não,4,93.2,15,5,674.86,555.03
Casa,Sul,Média,Não,Sim,Não,5,64.4,5,6,6239.31,481.93
Casa,Leste,Baixa,Sim,Não,Não,6,126.3,20,4,4541.73,704.62
Casa,Centro,Média,Não,Não,Não,6,78.6,8,4,7199.66,523.92
Casa,Norte,Baixa,Sim,Sim,Sim,3,97.7,10,1,5602.1,670.34
Casa,Oeste,Alta,Sim,Não,Não,5,134.9,15,4,7114.73,611.79
Sobrado,Leste,Baixa,Não,Não,Não,2,79.6,10,6,11797.59,488.08
Apartamento,Sul,Média,Sim,Não,Não,7,62.5,14,1,8705.2,690.65
Apartamento,Sul,Baixa,Não,Não,Não,6,67.8,10,6,4623.25,518.8
Casa,Centro,Baixa,Não,Não,Não,5,84.9,14,3,,511.71
Casa,Leste,Média,Sim,Não,Não,2,80.7,9,4,5794.03,417.94
Apartamento,Norte,Média,Sim,Não,Não,3,79.7,13,5,6171.0,622.42
Sobrado,Centro,Média,,Não,Não,4,95.5,11,5,1581.04,455.87
Apartamento,Sul,Baixa,Sim,Não,Não,6,88.7,21,1,,679.81
Sobrado,Leste,Média,Sim,Não,Não,2,,16,6,-263.2,585.05
Apartamento,Oeste,Baixa,Não,Não,Não,1,85.3,15,6,5457.18,484.14
Casa,Norte,Média,Não,Não,Sim,3,64.3,10,6,1108.37,506.9
Casa,Sul,Média,Sim,Não,Não,3,70.5,15,6,3741.3,600.27
,Leste,Média,Não,Não,Não,5,15.0,15,3,6024.12,425.98
Casa,Oeste,Baixa,Não,Sim,Não,2,60.0,18,4,,
Casa,Sul,Média,Não,Não,Não,2,109.5,20,6,8054.98,522.7
Casa,Oeste,Baixa,Não,Não,Não,4,103.9,6,2,5017.42,396.63
Casa,Sul,Baixa,Sim,Não,Sim,6,106.9,6,2,7976.29,655.48
Sobrado,Centro,Média,Sim,Não,Não,3,97.8,9,5,5343.46,562.85
Casa,Centro,Baixa,Sim,Não,Não,2,70.5,18,4,3719.53,499.01
Casa,Centro,Baixa,Sim,Não,Não,4,47.0,14,2,6433.26,547.71
Apartamento,Leste,Média,Não,Não,Sim,4,75.5,14,1,3206.25,471.97
Apartamento,Centro,Alta,Não,Não,Não,2,-7.9,22,4,5167.02,406.88
Apartamento,Leste,Média,Não,Sim,Não,4,119.3,24,5,4303.24,664.22
Sobrado,Norte,Baixa,Não,Não,Não,2,91.1,13,3,1624.9,363.99
Apartamento,Centro,Baixa,Não,Sim,Não,5,110.6,8,1,6323.92,610.3
Apartamento,Leste,Média,Não,Não,Sim,3,69.6,21,1,5859.99,455.31
Casa,Sul,Média,Não,Não,Não,2,36.8,6,6,8376.28,372.03
Apartamento,Leste,Baixa,Sim,Não,Não,4,90.5,18,4,828.83,621.59
Apartamento,Leste,Média,Sim,Não,Não,4,90.2,5,3,3716.76,450.08
Apartamento,Sul,Baixa,Sim,Não,Não,6,80.9,11,1,8320.0,604.13
Sobrado,Leste,Baixa,Sim,Não,Sim,4,93.6,8,3,6823.93,634.82
Apartamento,Sul,Baixa,Sim,Não,Não,3,70.7,13,5,7310.93,567.61
Apartamento,Oeste,Média,Não,Não,Não,3,91.0,7,1,9129.37,261.07
Casa,Centro,,Não,Não,Não,3,99.1,9,2,,291.69
Casa,Norte,Baixa,Não,Não,Não,2,135.3,14,5,3339.49,535.68
,Leste,Baixa,Não,Não,Não,2,108.0,14,5,7639.86,458.56
Casa,Sul,Alta,Não,Não,Não,5,47.8,8,6,7084.41,507.34
Casa,Centro,Média,Sim,Não,Não,7,73.3,21,1,5186.98,727.39
Casa,Leste,Baixa,Não,Não,Não,3,59.3,21,2,5115.75,400.6
Apartamento,Centro,Média,Sim,Não,Não,3,126.1,23,3,3072.58,664.98
Apartamento,Oeste,Baixa,Não,Não,Não,4,70.3,10,2,9446.17,332.9
Apartamento,Leste,Média,Sim,Não,Não,3,77.1,100,5,10566.14,566.95
Apartamento,Sul,Média,Não,Não,Não,5,81.6,18,1,8292.76,514.81
Casa,Oeste,Média,Não,Não,Não,3,97.1,17,2,7132.28,487.72
Sobrado,Leste,Baixa,Não,Não,Não,2,49.3,7,2,6974.7,354.45
Casa,Centro,Média,Sim,Não,Sim,2,84.7,6,5,6327.52,533.19
Sobrado,Oeste,Média,Não,Não,Sim,4,113.2,11,3,1093.48,485.52
Casa,Sul,Alta,Não,Não,Sim,3,75.1,16,2,4310.51,466.83
Apartamento,Leste,Média,Sim,Não,Não,5,139.9,6,6,7549.46,733.95
Casa,Centro,Alta,Não,Sim,Sim,4,58.5,15,2,3382.57,503.17
Casa,Centro,Média,Não,Não,Não,5,69.9,20,4,5888.57,560.84
Casa,Oeste,Baixa,Não,Não,Sim,4,108.2,9,5,,570.6
Apartamento,Leste,Média,Sim,Não,Não,3,86.0,21,4,8432.47,656.26
Casa,Centro,Média,Não,Não,Sim,4,78.1,7,5,7842.93,539.58
Apartamento,Oeste,Alta,Sim,Não,Não,3,51.4,18,5,6209.22,536.18
Casa,Norte,Baixa,Sim,Não,Não,3,67.5,20,4,,666.68
Casa,Centro,Média,Sim,Não,Não,5,139.9,21,3,4896.51,714.82
Sobrado,Oeste,Alta,Sim,Não,Não,2,94.6,23,3,9757.71,518.86
Sobrado,Norte,Alta,Não,Não,Não,3,102.3,8,5,1523.07,426.36
Apartamento,Oeste,Baixa,,Sim,Sim,5,66.3,24,4,5669.86,815.92
Casa,Centro,Média,Não,Não,Sim,3,90.8,24,2,4322.1,542.34
,Norte,Média,Não,Não,Sim,1,76.7,13,5,7206.03,364.63
Sobrado,Oeste,Baixa,Não,Não,Sim,4,47.6,15,6,4651.27,540.3
Casa,Leste,Alta,Sim,Não,Sim,4,63.0,9,5,11545.32,597.83
Apartamento,Norte,Média,Não,Não,Não,2,69.4,15,1,7789.3,449.92
Casa,Oeste,Média,Não,Não,Sim,8,147.9,17,3,3003.51,745.93
Sobrado,Leste,Alta,Sim,Sim,Não,7,141.1,6,4,-1165.11,
Casa,Norte,Baixa,Não,Não,Não,7,34.8,6,2,2655.13,440.05
Casa,Oeste,Alta,Sim,Não,Não,5,60.2,14,6,6903.68,725.32
Apartamento,Centro,Média,Sim,Não,Sim,7,79.5,17,2,4841.82,775.39
Sobrado,Norte,Média,Não,Não,Não,6,85.8,9,6,4065.7,
Sobrado,Norte,Média,Sim,Sim,Não,4,81.1,15,5,3691.53,780.43
Apartamento,Leste,Baixa,Não,Sim,Não,2,140.5,19,2,7574.57,547.12
Apartamento,Oeste,Média,Sim,Não,Não,6,70.8,9,2,4672.21,634.55
Apartamento,Centro,Média,Não,Não,Não,5,139.5,24,5,4412.17,709.19
Apartamento,Leste,Média,Sim,Sim,Sim,2,113.9,9,3,7986.25,696.02
Sobrado,Norte,Média,Sim,Não,Sim,5,83.1,11,1,9405.03,638.85
Apartamento,Leste,Média,Não,Não,Sim,2,65.7,14,3,2715.32,369.67
Apartamento,Leste,Média,Não,Não,Não,4,65.2,6,3,8445.35,389.37
Apartamento,Leste,Média,Não,Não,Sim,6,143.3,5,1,5223.82,536.97
Apartamento,Norte,Média,Não,Não,Sim,3,106.6,24,5,7795.48,621.13
Sobrado,Sul,Média,Sim,Sim,Não,8,93.8,5,3,7138.95,
Casa,Leste,Média,Não,Sim,Sim,6,19.1,8,4,5550.08,559.24
Casa,Sul,Baixa,Não,Não,Não,3,70.2,19,4,5655.9,
Apartamento,Centro,Média,Não,Sim,Não,3,73.9,19,1,7170.68,518.38
Casa,Centro,Média,,Não,Sim,7,91.5,10,4,2758.78,775.11
Apartamento,Centro,Média,Não,Sim,Sim,2,80.9,10,5,,619.27
Sobrado,Oeste,Média,Não,Sim,Não,2,73.5,5,2,10702.28,420.16
Apartamento,Norte,Média,Não,Sim,Não,3,94.7,11,5,8419.24,573.26
Sobrado,Sul,,Sim,Não,Não,3,112.0,9,1,7981.12,469.91
Casa,Oeste,Baixa,Não,Não,Não,3,67.1,21,2,5109.62,389.93
Sobrado,Sul,Baixa,Não,Sim,Não,2,55.3,11,4,,471.28
Apartamento,Norte,Média,Sim,Não,Não,3,68.1,8,3,4174.45,495.9
Casa,Leste,,Não,Não,Não,3,56.2,7,4,6525.15,394.3
Apartamento,Oeste,Baixa,Não,Não,Não,3,77.0,16,5,8377.05,454.72
Sobrado,Norte,Baixa,Sim,Sim,Sim,9,145.1,19,5,6570.82,1105.72
Casa,Oeste,Baixa,Sim,Sim,Não,3,74.8,24,1,6640.72,638.49
Apartamento,Centro,Alta,Sim,Não,Não,5,52.0,13,3,5071.46,590.98
Sobrado,Oeste,Média,Sim,Não,Sim,4,71.7,16,3,7124.33,633.92
Casa,Leste,,Sim,Não,Não,7,131.8,9,2,3227.29,741.02
Apartamento,Leste,Média,Sim,Não,Não,3,76.6,12,2,5810.59,515.54
Apartamento,Sul,Média,Sim,Sim,Não,2,60.7,19,5,4926.52,650.62
Casa,Oeste,Média,Não,Não,Não,3,33.1,11,1,9113.51,334.42
Apartamento,Centro,Média,Não,Não,Não,4,75.0,23,5,-1639.19,536.0
Casa,Leste,Média,Não,Não,Não,6,41.5,17,6,5120.77,580.35
Apartamento,Sul,Baixa,Não,Não,Não,4,91.5,5,3,6123.07,400.51
Casa,Centro,Média,Sim,Não,Não,6,72.4,15,3,866.15,799.18
Casa,Centro,Alta,Não,Não,Não,2,22.2,17,5,7351.28,385.17
Apartamento,Centro,Média,Sim,Sim,Não,5,134.9,6,3,5171.0,704.39
Casa,Norte,Média,Não,Sim,Não,3,149.1,23,2,3115.12,649.01
Casa,Leste,Alta,Sim,Não,Sim,4,92.7,15,3,8046.27,
Apartamento,Norte,Alta,Sim,Não,Não,4,131.1,5,2,3640.46,600.93
,Norte,Média,Sim,Sim,Não,3,91.9,5,4,7521.38,696.17
Sobrado,Leste,Alta,Não,Não,Não,4,26.6,12,1,5966.6,331.89
Apartamento,Oeste,Baixa,Sim,Não,Não,4,77.3,17,1,4475.06,603.31
Sobrado,Sul,Baixa,Sim,Não,Não,4,66.0,12,3,2976.63,562.0
Sobrado,Leste,Baixa,Sim,Não,Sim,9,40.1,6,1,3716.3,696.96
Casa,Sul,Média,Não,Não,Não,7,85.0,12,6,7699.47,665.47
Casa,Oeste,Baixa,,Não,Não,2,62.6,18,4,8382.6,505.59
Casa,Leste,Baixa,Não,Não,Não,4,90.6,6,3,7237.25,452.9
Apartamento,Centro,Baixa,Não,Não,Não,4,107.0,17,2,5427.05,512.49
Sobrado,Leste,Baixa,Não,Sim,Sim,3,136.0,9,4,7232.21,642.59
Apartamento,Oeste,Média,Sim,Não,Não,3,84.0,5,6,6290.94,510.74
Apartamento,Norte,Baixa,Sim,Não,Não,3,51.3,13,4,3995.15,514.51
Casa,Leste,Média,Não,Sim,Não,9,68.9,24,1,3210.05,774.59
Casa,Centro,Baixa,Não,Não,Não,4,7240.000000000001,14,6,4716.02,567.53
Apartamento,Leste,Baixa,Não,Não,Não,3,154.0,15,2,3913.42,476.3
Sobrado,Norte,Média,Não,Não,Não,6,81.8,22,5,5824.59,631.05
Casa,Leste,Alta,Não,Sim,Não,4,100.3,21,4,9515.5,561.06
Sobrado,Centro,Média,Não,Não,Sim,4,117.6,10,1,6199.68,586.31
Casa,Oeste,Baixa,Não,Sim,Sim,4,126.3,15,4,9172.98,660.32
Apartamento,Centro,Alta,Sim,Sim,Sim,2,91.2,8,2,5501.31,483.73
Apartamento,Oeste,Média,Sim,Não,Não,3,74.5,5,2,5080.57,475.57
Sobrado,Centro,Média,Não,Não,Não,3,70.3,5,3,1712.43,373.55
Casa,Sul,Média,Sim,Não,Sim,7,,22,5,7099.48,807.5
Casa,Leste,Baixa,Sim,Não,Não,4,111.6,9,5,3859.77,581.48
Casa,Leste,Média,Não,Não,Não,2,167.2,20,1,3348.42,528.88
,Norte,,Não,Não,Não,3,125.6,6,5,2967.1,481.28
Casa,Sul,Média,Não,Não,Não,3,85.6,13,2,6384.73,435.71
Casa,Norte,Baixa,Não,Não,Sim,3,46.4,6,5,4055.2,385.37
Apartamento,Leste,Média,Sim,Não,Sim,3,68.4,9,1,9616.78,494.17
Apartamento,Norte,Baixa,Não,Não,Não,7,97.1,24,4,8297.53,670.62
Apartamento,Oeste,Média,Não,Não,Não,4,74.8,21,5,4164.64,536.67
Sobrado,Sul,Média,Não,Não,Não,4,81.2,23,5,-435.34,605.22
Apartamento,Centro,Média,Não,Não,Sim,6,96.6,14,2,5795.95,562.17
Sobrado,Oeste,Baixa,Sim,Não,Não,3,91.4,12,2,4724.88,496.51
Apartamento,Centro,Média,Sim,Não,Não,3,154.7,24,4,,747.27
Casa,Norte,Baixa,Não,Sim,Sim,2,153.3,15,6,5533.65,767.92
Sobrado,Leste,Média,Não,Sim,Sim,5,75.7,17,6,8377.37,676.72
Apartamento,Oeste,Baixa,Sim,Não,Não,3,116.0,17,3,,587.47
Casa,Sul,Alta,Não,Não,Sim,3,43.3,13,5,2308.3,467.46
Apartamento,Centro,Alta,Não,Não,Sim,3,,9,2,3632.64,483.91
Casa,Oeste,Média,Não,Não,Sim,2,99.5,22,3,4363.87,550.01
Casa,Leste,Alta,Não,Sim,Não,6,57.9,12,5,,622.79
Apartamento,Sul,Baixa,Não,Sim,Não,6,119.6,24,5,4825.88,760.02
Apartamento,Sul,Alta,Não,Não,Sim,2,54.2,18,3,7296.07,546.25
Apartamento,Centro,Baixa,Não,Sim,Não,1,81.0,6,2,6757.01,423.38
Casa,Oeste,Média,Sim,Não,Não,2,89.4,20,4,4447.15,680.55
Sobrado,Oeste,Baixa,Sim,Sim,Não,1,34.3,5,6,7156.88,555.5
Casa,Sul,Alta,Sim,Não,Não,2,89.8,17,5,2572.17,592.61
Casa,Norte,Média,Não,Não,Não,3,57.9,22,1,7247.85,459.05
Casa,Sul,Média,Não,Não,Não,4,72.6,5,1,7672.41,434.64
Casa,Leste,Alta,Não,Não,Não,3,82.1,11,1,6188.74,398.01
Casa,Oeste,Média,Sim,Não,Não,4,34.1,8,4,6814.22,
Apartamento,Centro,Média,Sim,Não,Sim,4,,14,6,7142.83,750.93
Sobrado,Oeste,Baixa,Sim,Não,Não,3,79.8,12,5,8119.3,650.18
Sobrado,Sul,Alta,Sim,Não,Não,4,74.0,7,2,7354.55,574.28
Apartamento,Leste,Alta,Sim,Sim,Não,5,56.4,11,2,8518.75,599.34
Apartamento,Norte,Alta,,Não,Não,5,44.4,20,6,1567.65,720.37
Apartamento,Oeste,Baixa,Sim,Não,Sim,2,54.4,24,4,5831.1,694.1
Apartamento,Sul,Baixa,Não,Não,Sim,4,26.9,14,6,5385.13,519.93
Apartamento,Sul,Média,Sim,Sim,Não,6,59.6,17,5,5880.63,816.78
Apartamento,Sul,,Não,Não,Não,10,121.9,5,3,7752.33,668.91
Apartamento,Leste,Baixa,Não,Não,Não,4,38.7,11,3,,369.64
Casa,Sul,Média,Sim,Não,Não,5,112.3,14,5,5721.4,719.22
Apartamento,Sul,Média,Não,Não,Não,5,44.7,16,5,6667.59,478.88
Apartamento,Sul,Alta,Sim,Sim,Não,5,100.1,18,2,1733.49,750.47
Apartamento,Oeste,Baixa,Sim,Não,Sim,2,163.9,15,4,,648.57
Casa,Sul,Baixa,Não,Sim,Não,3,102.7,21,4,5238.12,656.82
Apartamento,Leste,Baixa,Não,Não,Não,2,79.2,13,6,9192.54,473.38
Sobrado,Oeste,Média,Não,Não,Não,6,80.1,12,2,3363.46,529.62
Sobrado,Sul,,Não,Não,Não,4,111.6,14,1,3219.11,473.13
Casa,Norte,Média,Não,Sim,Não,2,96.8,8,3,4931.09,474.74
Casa,Leste,Alta,,Não,Não,4,93.0,9,5,5589.53,696.1
Apartamento,Norte,Média,Não,Não,Sim,4,70.9,22,6,4230.66,682.4
Casa,Leste,Média,Não,Não,Sim,5,94.9,10,3,3488.71,486.14
Casa,Norte,Média,Sim,Não,Não,5,31.2,14,3,6426.26,565.04
Casa,Sul,Média,Não,Não,Não,3,67.1,22,6,9124.5,530.0
Apartamento,Norte,Média,Sim,Não,Sim,1,138.7,15,4,9648.03,605.92
Apartamento,Norte,Alta,Não,Não,Não,6,111.2,9,2,4766.59,470.87
Apartamento,Leste,Média,Não,Sim,Não,3,81.1,7,1,2801.59,458.39
Apartamento,Sul,Alta,Sim,Sim,Não,1,52.2,22,1,4842.84,583.23
Apartamento,Leste,Baixa,Não,Não,Sim,4,145.4,8,6,9778.73,587.65
Casa,Sul,Baixa,Não,Não,Não,1,66.3,12,6,8071.88,311.75
,Centro,Média,,Não,Não,3,,21,2,6464.22,378.89
Casa,Oeste,Média,Sim,Não,Não,5,90.2,14,3,4332.41,617.83
Apartamento,Oeste,Média,Sim,Sim,Não,3,68.8,23,2,7779.94,724.28
Casa,Leste,Média,Não,Não,Sim,8,24.6,5,2,11156.58,534.65
Apartamento,Sul,Baixa,,Não,Não,1,41.8,6,5,5143.18,
Apartamento,Norte,,Não,Não,Não,2,79.1,15,5,574.37,409.66
Casa,Oeste,Alta,Não,Não,Não,3,51.1,19,3,,477.85
Casa,Leste,Alta,Sim,Não,Não,2,38.4,5,4,5656.28,505.42
Casa,Leste,Média,Sim,Sim,Sim,2,41.0,13,1,-4000.0,625.6
Apartamento,Leste,Média,Não,Não,Sim,4,79.4,12,5,8901.41,474.3
Casa,Sul,Alta,,Não,Não,3,81.1,5,3,4021.03,541.84
Casa,Leste,Média,Não,Não,Sim,4,110.2,14,6,5063.91,608.86
Apartamento,Centro,Baixa,Sim,Não,Sim,2,48.9,21,2,3881.36,603.45
Apartamento,Norte,Baixa,Sim,Não,Não,4,79.5,22,5,7447.46,809.85
Casa,Leste,Média,Não,Não,Sim,3,64.9,20,2,3348.79,505.51
Apartamento,Sul,Baixa,Não,Não,Não,4,101.5,6,2,4912.93,433.75
Sobrado,Norte,Baixa,Não,Não,Não,3,85.5,21,5,1691.35,534.17
Sobrado,Norte,Alta,Sim,Sim,Não,8,95.3,8,3,4178.42,782.82
Casa,Oeste,Média,Não,Não,Não,5,122.0,11,6,9656.92,587.21
Apartamento,Leste,Alta,Não,Não,Não,8,90.9,13,1,9939.61,554.14
Apartamento,Leste,Média,Não,Sim,Sim,3,,7,3,7184.8,552.66
Sobrado,Sul,Média,Não,Não,Sim,2,45.7,24,4,6602.96,496.55
Apartamento,Centro,Baixa,Sim,Não,Sim,5,41.2,9,4,,527.55
Apartamento,Centro,Alta,Não,Sim,Não,3,124.7,22,1,5997.58,569.1
Apartamento,Oeste,Baixa,Não,Não,Não,6,93.4,21,6,5914.25,703.06
Apartamento,Centro,Média,Não,Sim,Não,3,102.9,11,4,5543.48,561.0
Apartamento,Sul,Baixa,Não,Não,Não,3,120.1,18,2,,472.55
Casa,Oeste,Baixa,Não,Não,Não,2,62.3,19,4,3141.4,444.51
Casa,Leste,Baixa,Sim,Não,Não,2,66.5,18,5,11905.11,547.6
Casa,Centro,Média,Não,Não,Não,6,109.6,13,2,9561.96,507.24
Sobrado,Sul,Alta,Sim,Não,Não,3,74.6,20,3,3470.05,606.44
Apartamento,Sul,Média,Não,Não,Não,4,68.3,23,6,5768.91,573.76
Apartamento,Leste,Média,Sim,Não,Sim,3,46.9,5,1,4002.95,436.3
Apartamento,Sul,Alta,Não,Não,Não,5,111.8,12,5,7090.45,
Casa,Oeste,Média,Não,Não,Não,4,68.7,22,5,5276.97,507.76
Casa,Oeste,Alta,Sim,Não,Sim,6,111.4,6,1,,712.1
Apartamento,Norte,Média,Não,Não,Não,3,99.8,8,4,3197.64,461.12
Sobrado,Leste,Alta,Não,Não,Sim,3,126.8,5,1,,314.4
Casa,Sul,Média,Sim,Não,Sim,5,34.3,23,1,4952.84,710.61
Casa,Centro,Baixa,Sim,Não,Não,4,-1.0,15,4,4930.0,534.32
Casa,Oeste,Baixa,Sim,Não,Não,3,137.6,10,3,7172.92,558.24
Casa,Leste,Baixa,,Não,Não,4,115.3,23,6,7849.89,
Casa,Leste,Média,,Não,Não,3,54.3,18,1,5277.28,399.43
Apartamento,Oeste,Média,,Não,Não,8,60.3,23,4,85.01,662.85
Casa,Norte,Média,Não,Sim,Não,3,86.4,17,5,3492.33,528.97
Casa,Leste,Alta,Não,Não,Sim,6,78.9,16,1,140.08,603.21
Apartamento,Sul,Média,Não,Sim,Não,3,65.1,14,6,2001.04,610.23
Sobrado,Centro,Média,Não,Sim,Não,3,59.6,23,1,5692.71,547.9
Casa,Centro,Baixa,Não,Não,Não,6,70.6,15,3,5615.56,485.08
Apartamento,Oeste,Média,Sim,Sim,Não,4,99.8,16,3,8688.52,735.44
Casa,Leste,Média,Sim,Sim,Não,6,85.5,11,5,5418.12,803.8
Sobrado,Centro,Média,Sim,Não,Não,3,70.3,12,3,3304.68,537.08
Apartamento,Leste,Média,Não,Não,Não,4,65.0,21,6,8507.29,604.17
Apartamento,Oeste,Média,Sim,Sim,Não,1,149.3,7,5,9877.86,633.0
Casa,Norte,Baixa,Sim,Não,Não,4,67.7,10,1,7791.44,532.61
Apartamento,Centro,Média,Não,Não,Sim,4,100.6,16,4,5331.85,
Apartamento,Sul,,Não,Não,Não,5,158.9,19,3,4729.93,591.88
Casa,Oeste,Média,Não,Não,Não,3,105.7,11,5,2521.07,397.57
Casa,Norte,Baixa,Não,Sim,Não,3,99.2,10,3,3524.71,500.67
Apartamento,Sul,Baixa,Sim,Não,Não,4,122.1,16,3,4379.12,626.52
Apartamento,Sul,Média,Não,Sim,Não,8,126.7,16,2,2189.31,
Casa,Centro,Média,Sim,Não,Não,4,84.2,8,1,4662.68,545.76
Apartamento,Leste,Baixa,Não,Não,Sim,1,45.1,13,3,4795.98,368.63
Casa,Oeste,Média,Não,Não,Não,5,,21,4,,495.41
Casa,Sul,Média,Não,Não,Não,4,,6,6,1452.41,547.74
Apartamento,Centro,Baixa,Não,Não,Não,6,74.7,9,2,5931.04,442.47
Casa,Norte,Média,Não,Não,Sim,7,78.0,14,5,2097.54,624.49
Casa,Sul,Média,Não,Não,Não,4,133.6,10,5,610.04,562.61
Casa,Norte,Média,Não,Não,Sim,4,108.6,10,4,4264.35,544.01
Apartamento,Oeste,Baixa,Não,Não,Não,4,102.7,9,4,5547.17,515.56
Apartamento,Centro,Baixa,Não,Sim,Sim,5,53.9,12,6,,554.41
Sobrado,Norte,Baixa,Não,Não,Não,2,77.6,7,1,4826.88,290.97
Casa,Leste,Baixa,Sim,Não,Não,5,,18,4,4153.77,703.87
Apartamento,Norte,Média,Não,Sim,Não,5,104.6,9,5,3745.12,669.71
Casa,Norte,Baixa,Não,Sim,Não,6,132.6,19,1,4206.22,641.33
Apartamento,Centro,Alta,Não,Não,Não,3,105.1,13,4,-3304.52,450.26
Apartamento,Centro,Média,Não,Não,Sim,3,68.8,19,4,3451.79,532.26
Casa,Sul,Média,Sim,Sim,Sim,3,141.4,23,5,,895.52
Apartamento,Norte,Alta,Sim,Sim,Não,5,76.7,20,1,-633.92,682.11
Casa,Norte,Baixa,Sim,Não,Sim,2,112.5,12,2,4462.19,604.77
Casa,Centro,Baixa,Não,Sim,Sim,5,,19,2,4778.24,622.38
Casa,Leste,Média,Sim,Não,Não,1,61.7,15,6,7290.97,555.42
Apartamento,Centro,Baixa,Não,Não,Não,8,44.4,8,1,5791.71,483.27
Apartamento,Leste,Alta,Sim,Não,Sim,3,46.5,14,4,6554.39,608.22
Casa,Centro,Alta,Sim,Não,Não,7,70.8,14,4,3635.12,722.26
Casa,Oeste,,Sim,Sim,Não,1,124.2,6,1,1104.25,580.25
Casa,Norte,Alta,Sim,Não,Sim,3,92.9,12,2,4174.95,575.01
Casa,Leste,Média,Sim,Não,Não,6,31.7,12,6,5143.31,648.92
Apartamento,Oeste,Média,Não,Não,Sim,4,109.9,13,3,8394.86,579.99
Apartamento,Leste,Baixa,Sim,Sim,Sim,3,84.9,6,5,1930.77,737.42
Casa,Sul,Média,Sim,Não,Sim,4,130.5,18,1,10722.0,666.62
,Sul,Baixa,Não,Não,Sim,3,70.2,24,6,5931.28,634.34
Apartamento,Norte,Média,Sim,Não,Não,5,57.9,6,3,3597.05,510.69
Casa,Oeste,,Não,Não,Sim,3,137.0,8,5,3467.31,548.72
Casa,Oeste,Baixa,Não,Não,Não,4,115.1,7,3,,484.99
Apartamento,Sul,Baixa,Não,Sim,Não,3,33.7,18,3,5330.82,500.95
Apartamento,Norte,Média,Não,Não,Não,3,,20,5,5533.07,581.21
Apartamento,Sul,Média,Sim,Não,Não,7,,19,3,7093.94,689.6
Sobrado,Oeste,Média,Não,Sim,Não,5,113.7,11,2,3847.03,582.41
Casa,Leste,Média,Não,Não,Sim,2,51.6,22,6,5765.85,553.04
Apartamento,Oeste,Média,Sim,Não,Não,6,47.4,24,1,,639.46
Casa,Norte,Baixa,Sim,Não,Não,3,126.6,10,6,9616.8,565.79
Apartamento,Oeste,Média,Não,Sim,Não,2,97.4,20,2,,546.25
Sobrado,Centro,Média,Sim,Não,Não,2,107.1,15,2,10862.9,509.0
Apartamento,Oeste,Baixa,Não,Não,Não,2,70.5,6,5,3291.0,306.52
Apartamento,Centro,Média,Não,Sim,Sim,1,82.6,6,5,2786.24,506.94
Apartamento,Sul,Alta,Sim,Sim,Não,4,,18,5,4759.57,871.06
Casa,Centro,Alta,Sim,Não,Sim,5,94.6,13,3,6040.19,721.72
Apartamento,Oeste,,Sim,Sim,Não,5,154.9,16,3,4591.84,753.1
Sobrado,Oeste,Alta,Não,Sim,Não,9,79.1,7,1,6993.72,648.21
Apartamento,Oeste,Baixa,Sim,Não,Não,3,113.8,9,3,4376.32,539.49
Casa,Norte,Alta,Não,Não,Sim,2,118.3,13,1,3890.86,395.09
Casa,Sul,Baixa,Não,Não,Não,5,90.9,7,2,3188.57,442.64
Casa,Centro,Média,Não,Não,Não,4,125.9,22,1,8651.17,534.27
Casa,Leste,Baixa,Sim,Não,Não,6,68.9,6,1,6460.96,547.54
Apartamento,Centro,Média,Não,Não,Sim,3,110.9,8,5,2607.66,538.28
Casa,Oeste,Baixa,Sim,Não,Não,5,53.8,17,3,4369.18,691.91
Casa,Leste,Baixa,Sim,Não,Não,2,47.1,21,4,2190.38,557.84
Casa,Leste,Média,Sim,Não,Não,7,86.2,13,4,12314.39,710.51
Apartamento,Centro,Baixa,Não,Não,Não,5,81.1,23,5,5957.76,600.85
Apartamento,Centro,Baixa,Não,Não,Não,6,51.8,18,6,525.64,621.79
Apartamento,Centro,Média,Sim,Sim,Sim,-2,108.0,17,6,2100.16,851.11
Casa,Centro,,Não,Não,Não,3,131.8,9,6,2373.95,461.69
Casa,Sul,Baixa,Sim,Não,Não,3,75.3,22,2,6231.62,598.98
Casa,Norte,Baixa,Não,Não,Sim,2,116.2,19,2,1255.42,430.22
Casa,Norte,,Sim,Não,Sim,5,66.0,15,2,2086.03,584.68
Casa,Centro,Média,Não,Não,Não,4,79.0,23,1,4871.74,449.96
Apartamento,Norte,Média,Não,Sim,Sim,3,83.5,9,3,5292.71,519.84
Casa,Centro,Média,Não,Não,Não,3,110.0,11,2,4114.59,445.5
Sobrado,Centro,Baixa,Sim,Não,Sim,2,82.6,6,4,4461.87,494.13
Apartamento,Centro,Média,Não,Não,Sim,2,25.1,23,1,1912.25,423.92
Casa,Sul,Média,Não,Não,Não,2,121.0,20,2,6615.35,474.74
Apartamento,Oeste,Média,Sim,Não,Não,6,88.4,7,2,496.07,670.68
Apartamento,Norte,Baixa,Sim,Sim,Sim,2,16.1,14,6,5088.69,662.0
Apartamento,Norte,,Não,Não,Sim,4,127.6,16,6,9951.23,630.36
Sobrado,Sul,Baixa,Não,Não,Não,2,129.2,6,3,4584.86,351.04
Casa,Sul,Baixa,Sim,Não,Não,3,52.6,12,3,2002.42,604.99
Apartamento,Centro,Baixa,Não,Sim,Não,2,42.5,13,1,5208.34,444.66
Casa,Centro,Média,Não,Não,Sim,3,119.3,24,4,4729.49,561.37
,Oeste,Média,Não,Não,Não,5,,16,5,5961.17,657.78
Casa,Norte,Alta,Não,Sim,Não,3,99.5,9,6,5920.74,586.81
Casa,Sul,Média,Não,Não,Não,3,71.6,17,4,7905.56,477.97
Apartamento,Oeste,Média,Sim,Sim,Sim,3,61.2,9,6,4244.91,724.79
Casa,Norte,Média,Não,Sim,Sim,1,103.0,19,3,3410.56,609.81
Casa,Oeste,Baixa,Não,Não,Não,4,65.8,9,3,3473.79,381.33
Casa,Oeste,Média,Não,Não,Sim,2,65.9,9,5,3858.31,408.78
Apartamento,Centro,Média,Sim,Não,Sim,6,108.5,8,4,6216.38,706.92
Sobrado,Oeste,Média,Não,Não,Não,3,114.5,20,4,2039.96,474.25
Apartamento,Centro,Média,Não,Não,Não,4,130.0,22,5,3136.86,645.82
Apartamento,Norte,Baixa,Sim,Não,Não,3,30.4,14,3,5625.77,-150.0
Apartamento,Norte,Baixa,Não,Não,Não,1,70.0,24,1,,380.64
Casa,Centro,Média,Sim,Não,Não,4,74.7,7,4,3288.84,526.3
Casa,Leste,Média,Não,Não,Não,4,84.5,14,2,6373.06,452.52
Apartamento,Oeste,Baixa,Não,Não,Não,4,46.8,17,4,4978.86,487.13
Casa,Norte,Média,Não,Não,Não,4,102.0,7,4,6758.97,494.62
Casa,Oeste,Baixa,Não,Sim,Não,5,141.7,8,4,5648.63,664.62
Apartamento,Leste,Média,Sim,Sim,Sim,1,49.2,17,3,5567.62,573.26
Apartamento,Oeste,Baixa,Sim,Não,Não,5,90.7,18,2,11881.38,677.35
Casa,Leste,Média,Não,Sim,Sim,7,122.6,8,4,,771.69
Apartamento,Sul,Média,Não,Sim,Não,4,77.9,16,1,4842.46,
Apartamento,Leste,Alta,Não,Não,Não,3,,20,6,3206.31,512.05
Apartamento,Norte,Alta,Sim,Sim,Não,2,90.3,14,6,6105.11,663.42
Sobrado,Centro,Média,Não,Não,Não,4,107.0,24,2,7009.99,578.52
Casa,Centro,Média,Não,Não,Não,8,47.1,21,5,8801.75,683.32
Apartamento,Oeste,,Sim,Sim,Sim,5,116.1,11,1,-112.47,784.57
Sobrado,Sul,Baixa,Sim,Sim,Não,3,78.6,8,5,4473.39,634.74
,Oeste,Baixa,Não,Sim,Não,4,65.0,16,4,4229.98,635.2
Apartamento,Leste,Baixa,Não,Não,Sim,2,39.0,14,3,3482.49,432.99
Casa,Centro,Média,Não,Não,Sim,4,65.4,6,4,1757.84,506.8
Apartamento,Leste,,Não,Não,Não,5,66.8,18,4,4938.64,514.31
Casa,Centro,Baixa,Sim,Não,Não,4,49.1,12,5,7261.37,660.73
Sobrado,Centro,Média,Não,Não,Sim,3,99.2,14,4,2388.6,488.28
Apartamento,Centro,Média,Sim,Não,Sim,4,89.4,10,1,5719.43,560.57
Sobrado,Norte,Média,Não,Sim,Não,3,114.4,6,3,6549.56,472.25
Apartamento,Leste,Média,Sim,Não,Sim,6,,18,5,9608.58,782.25
Casa,Oeste,Baixa,Não,Não,Não,6,65.8,15,2,7087.94,600.43
Casa,Sul,Baixa,Não,Sim,Não,4,75.6,6,6,5286.61,567.52
Sobrado,Oeste,Média,Sim,Não,Sim,3,62.6,8,4,6278.61,584.65
Casa,Leste,Baixa,Sim,Sim,Não,6,37.1,10,6,,656.27
Casa,Sul,Média,Não,Não,Não,4,96.5,8,5,5802.07,528.7
Apartamento,Oeste,Média,Não,Sim,Não,4,90.0,9,6,7466.86,534.27
Casa,Sul,Alta,Não,Sim,Não,3,66.8,10,4,4668.9,495.48
Apartamento,Leste,Média,Não,Não,Não,3,,13,4,8501.1,437.59
Apartamento,Centro,Média,Sim,Não,Não,2,74.8,20,5,4225.92,618.1
Apartamento,Leste,Baixa,Sim,Não,Não,4,122.0,15,1,3785.59,676.83
Sobrado,Norte,Alta,Não,Não,Não,4,80.4,15,2,4329.65,415.1
Casa,Sul,Média,,Não,Sim,3,46.2,14,4,3073.92,433.23
Casa,Leste,Baixa,Não,Não,Não,4,130.7,5,1,7386.18,411.91
Casa,Centro,Média,,Não,Não,4,96.0,21,4,1568.77,627.05
Sobrado,Centro,Média,Não,Sim,Sim,5,56.6,12,4,4416.44,599.83
Casa,Leste,Baixa,Sim,Não,Não,3,,20,1,6311.03,536.38
Casa,Oeste,Média,Sim,Não,Não,7,6010.0,10,4,5530.26,678.47
Apartamento,Leste,Média,Sim,Não,Sim,4,114.7,18,2,5395.15,688.57
Casa,Centro,,Sim,Não,Sim,3,22.5,6,6,5143.5,500.13
Sobrado,Leste,Média,Não,Sim,Sim,3,93.3,13,5,5911.14,589.73
Sobrado,Norte,Média,Não,Não,Não,3,,8,6,2993.37,308.59
Apartamento,Oeste,Média,Não,Não,Não,4,28.4,23,1,4301.46,456.19
Apartamento,Leste,Média,Não,Não,Não,2,,21,6,,467.5
Casa,Centro,Média,Não,Não,Não,3,,5,3,6639.58,443.93
Apartamento,Leste,Baixa,Não,Não,Não,4,105.9,6,4,7857.45,470.28
Apartamento,Leste,Baixa,Não,Não,Não,6,113.9,21,5,5169.82,671.93
Casa,Sul,Alta,,Não,Não,2,71.6,6,2,7335.77,462.15
Casa,Leste,Média,,Não,Não,5,99.7,7,2,5724.22,424.62
Sobrado,Norte,Baixa,Sim,Não,Sim,7,129.2,8,3,5323.42,737.88
Casa,Centro,Média,Não,Não,Sim,1,56.2,17,6,7461.04,487.32
Apartamento,Sul,Alta,Sim,Não,Sim,4,110.8,16,2,1881.1,624.81
Casa,Leste,Baixa,Não,Não,Sim,4,61.7,9,6,6605.49,541.27
Casa,Oeste,Média,Sim,Não,Não,1,85.1,18,5,3785.86,660.41
Apartamento,Norte,Baixa,Não,Sim,Não,5,66.3,10,3,,482.07
Casa,Norte,Média,Não,Não,Não,5,67.4,5,6,3855.31,497.63
Apartamento,Norte,Alta,Não,Não,Sim,3,74.2,20,1,4723.78,447.95
Casa,Sul,Alta,Não,Não,Não,3,67.0,10,6,1588.03,474.39
Casa,Leste,Média,Não,Não,Não,6,81.1,17,6,6418.26,632.24
Sobrado,Norte,Média,Não,Não,Não,2,120.1,17,3,4455.97,542.67
Apartamento,Leste,Média,Sim,Não,Sim,6,43.7,15,1,4157.0,728.9
Sobrado,Oeste,Baixa,Sim,Não,Não,2,97.9,20,2,5568.49,508.95
Sobrado,Leste,Baixa,Sim,Não,Sim,5,52.6,18,5,1325.05,755.73
Sobrado,Leste,Alta,Não,Não,Não,4,54.5,15,6,3766.98,540.67
Sobrado,Leste,Baixa,Não,Não,Não,5,,9,4,5034.29,488.87
Casa,Centro,Média,Sim,Não,Não,5,117.3,14,3,9161.76,687.83
Sobrado,Sul,Média,Não,Não,Não,1,77.8,19,2,5958.49,409.86
Casa,Leste,,Não,Não,Sim,1,58.0,11,6,6490.12,371.73
Casa,Norte,Média,Sim,Não,Sim,3,88.9,7,5,5654.89,615.0
Casa,Centro,Média,Não,Não,Não,6,74.5,15,4,14024.34,549.3
Casa,Leste,Média,Sim,Não,Não,3,118.0,13,3,7747.09,619.96
Apartamento,Centro,Média,Não,Não,Sim,3,54.5,14,5,417.31,486.8
Casa,Sul,Média,Não,Não,Não,3,80.8,8,2,6055.75,387.84
Casa,Centro,Alta,Sim,Não,Sim,3,110.5,24,6,8225.73,797.18
Apartamento,Norte,Média,,Não,Sim,5,53.0,22,6,1872.88,670.27
Casa,Leste,Média,Sim,Não,Sim,6,71.2,18,6,5762.35,757.61
Apartamento,Norte,Média,Sim,Sim,Não,5,46.7,13,3,4154.87,793.87
Casa,Oeste,Média,Não,Não,Não,3,58.9,24,6,3363.41,559.43
Casa,Centro,Baixa,Sim,Não,Não,5,38.4,20,3,8839.92,671.99
Casa,Centro,Baixa,Sim,Não,Sim,4,53.2,6,6,3842.25,611.54
Casa,Centro,Alta,Sim,Não,Sim,2,45.7,11,1,3865.21,432.26
Apartamento,Sul,Média,Não,Não,Não,6,65.0,9,6,3246.82,573.73
Apartamento,Norte,Média,Sim,Sim,Sim,3,114.2,21,1,2779.35,760.86
Casa,Oeste,Baixa,Não,Não,Sim,5,93.4,15,3,4133.81,608.06
Casa,Sul,Média,,Não,Não,3,,8,5,4010.11,560.59
Casa,Sul,Média,Sim,Sim,Não,2,73.4,21,2,2530.34,635.11
Sobrado,Leste,Média,Não,Não,Não,4,58.1,9,4,5431.57,438.34
Casa,Oeste,Baixa,Sim,Não,Sim,2,81.2,8,1,-824.49,492.25
Apartamento,Centro,Baixa,Não,Sim,Não,1,66.8,14,2,5753.92,410.24
Apartamento,Centro,Alta,Não,Sim,Não,1,97.3,7,6,7940.77,478.67
Casa,Leste,Alta,Não,Não,Não,4,39.9,10,3,4173.13,464.25
Sobrado,Centro,Média,Sim,Não,Sim,6,82.8,12,2,6385.23,702.12
Apartamento,Norte,Média,Não,Não,Não,3,130.1,9,2,4868.67,472.88
Apartamento,Centro,Média,Sim,Não,Não,5,57.4,12,6,11379.82,643.11
Casa,Norte,Alta,Não,Sim,Sim,3,71.8,14,2,7933.07,545.07
Apartamento,Leste,Média,Não,Sim,Não,5,33.2,23,3,3333.92,633.82
Casa,Leste,Média,Não,Não,Não,3,118.3,8,1,-4000.0,363.47
,Norte,Baixa,Sim,Não,Não,4,82.1,10,4,11528.0,597.21
Apartamento,Centro,Média,Sim,Não,Sim,8,69.4,7,5,4958.68,824.01
,Leste,Média,Não,Não,Sim,6,86.4,8,1,6717.02,583.26
Casa,Leste,Média,Sim,Não,Não,4,82.9,8,4,8032.25,632.5
Apartamento,Norte,Média,Não,Sim,Não,1,64.0,9,3,2701.41,412.36
Apartamento,Leste,Média,Sim,Não,Não,2,42.9,19,4,914.54,520.25
Casa,Centro,Média,Não,Não,Não,4,89.6,20,3,5898.92,634.75
Casa,Leste,Média,Não,Não,Não,4,85.4,10,4,3444.37,435.74
Casa,Norte,Baixa,Sim,Não,Não,2,73.4,22,1,4954.46,618.66
Apartamento,Centro,Média,Não,Não,Sim,4,75.8,16,6,8062.11,595.69
Apartamento,Oeste,,Sim,Não,Não,2,117.4,24,6,6912.5,649.18
Casa,Norte,Alta,Sim,Não,Não,3,,11,6,6895.34,538.65
Apartamento,Oeste,Baixa,Sim,Sim,Sim,3,45.2,16,3,,745.25
Apartamento,Leste,Média,Sim,Não,Sim,4,123.7,18,2,3889.0,670.49
Apartamento,Centro,Média,Sim,Não,Sim,5,105.4,17,6,3728.05,722.16
Casa,Leste,Baixa,Não,Sim,Não,7,103.3,15,3,9859.34,679.87
Apartamento,Centro,Média,Não,Não,Não,3,61.2,15,3,11140.33,423.85
Sobrado,Sul,Alta,Sim,Sim,Não,4,110.6,6,4,8197.05,686.23
,Leste,Baixa,Não,Sim,Não,2,90.4,18,3,4797.89,543.72
Casa,Leste,Baixa,Não,Não,Não,5,50.2,19,4,2717.9,501.22
Apartamento,Leste,Média,Não,Não,Não,7,93.6,5,1,12302.83,477.31
Casa,Norte,Baixa,Não,Sim,Não,3,,16,3,6632.86,646.53
Sobrado,Centro,Alta,Sim,Sim,Sim,3,102.0,18,2,6579.64,684.44
Casa,Centro,Média,Não,Não,Não,3,31.0,22,2,4005.83,456.09
Casa,Centro,Média,Não,Não,Não,3,97.0,7,1,7220.38,308.87
Casa,Norte,Baixa,Sim,Não,Sim,6,74.1,16,6,4980.54,759.17
Casa,Centro,Baixa,Não,Não,Sim,4,28.5,9,2,2861.34,459.61
Casa,Leste,Baixa,Sim,Não,Não,5,104.5,7,4,4653.54,525.55
Apartamento,Oeste,Média,Não,Não,Sim,6,105.5,11,3,6507.48,676.36
Casa,Sul,,Sim,Não,Não,7,84.1,20,5,9333.29,732.49
Sobrado,Centro,Baixa,Não,Não,Não,6,54.4,24,3,1563.04,504.54
Apartamento,Norte,Média,Não,Não,Sim,2,126.8,21,3,2402.98,541.99
Apartamento,Norte,Média,,Não,Não,6,101.4,12,5,4433.54,687.95
Casa,Centro,Baixa,Sim,Não,Não,3,103.1,19,6,,649.96
Apartamento,Oeste,Baixa,Não,Não,Sim,3,112.6,24,2,5506.27,598.21
Apartamento,Centro,Baixa,Não,Não,Não,3,121.4,19,2,4270.5,
Casa,Norte,Baixa,Não,Não,Não,4,94.7,12,3,5811.68,490.87
Sobrado,Sul,Média,Não,Não,Sim,5,50.8,15,2,5918.69,548.95
Casa,Oeste,Alta,Não,Não,Sim,3,64.4,14,4,2115.26,420.21
Casa,Centro,,Sim,Não,Não,4,69.4,22,4,4977.96,716.65
Apartamento,Sul,Média,Não,Sim,Não,3,121.5,13,5,3503.25,623.15
Apartamento,Centro,Baixa,Sim,Não,Não,6,91.4,20,3,8345.44,796.12
Casa,Oeste,Baixa,Sim,Não,Sim,3,64.5,5,6,3800.86,576.29
Apartamento,Norte,Alta,Não,Não,Não,8,79.0,10,4,4262.41,555.53
Apartamento,Oeste,Média,Não,Não,Sim,3,124.7,6,1,3230.64,474.66
Apartamento,Leste,Baixa,Sim,Sim,Não,6,103.4,17,2,5425.33,787.25
Casa,Centro,,Não,Sim,Não,5,116.3,10,6,5119.64,729.7
Sobrado,Sul,Média,Não,Sim,Não,6,51.5,13,3,9204.52,626.27
Casa,Sul,Média,Sim,Sim,Sim,3,78.7,18,4,5424.21,745.67
Apartamento,Oeste,Alta,Não,Não,Não,8,65.8,11,5,8863.41,567.55
Casa,Oeste,Baixa,Não,Não,Sim,7,130.1,9,4,9345.68,636.39
Apartamento,Oeste,Baixa,Não,Não,Sim,4,80.9,11,1,4615.69,495.99
Casa,Sul,Média,Não,Não,Não,5,67.8,7,4,,386.15
Casa,Norte,,Sim,Não,Não,7,24.8,17,3,4065.52,659.09
Apartamento,Sul,Média,Não,Sim,Não,4,127.3,16,5,2430.72,579.92
Casa,Norte,Média,Não,Não,Não,4,128.8,10,5,11396.35,469.07
Casa,Oeste,Baixa,Não,Sim,Não,5,23.4,6,1,4078.7,414.55
Apartamento,Leste,Média,,Não,Não,4,91.4,19,3,3245.73,636.08
Apartamento,Sul,Baixa,Não,Não,Não,8,113.4,19,1,2847.95,657.96
Casa,Oeste,,Não,Não,Não,5,99.3,22,1,3936.55,579.95
Casa,Sul,Média,Não,Sim,Não,7,71.9,21,1,4740.97,737.97
Sobrado,Oeste,Baixa,Sim,Não,Não,5,56.6,7,4,8606.62,646.08
Apartamento,Sul,Média,Não,Não,Não,6,120.0,7,2,10031.83,553.34
Casa,Centro,Média,Não,Não,Não,8,108.1,13,4,296.38,626.22
Apartamento,Sul,Baixa,Não,Não,Sim,4,104.1,14,3,,545.21
Apartamento,Centro,Baixa,Sim,Sim,Sim,3,120.1,16,6,9694.06,778.79
Casa,Norte,Baixa,Não,Não,Não,4,150.6,5,1,3950.2,434.82
,Sul,Média,Não,Não,Não,4,75.2,8,1,3222.62,372.45
Casa,Norte,Baixa,Sim,Não,Não,4,75.3,9,2,6804.73,484.37
Sobrado,Leste,,Sim,Não,Sim,5,72.9,21,5,3904.64,828.95
Casa,Centro,Alta,Sim,Sim,Não,3,57.3,9,1,9244.83,633.43
Casa,Sul,Média,,Não,Sim,3,120.8,8,4,6727.14,580.61
Sobrado,Norte,Baixa,Não,Não,Não,1,125.3,19,1,3614.06,431.2
Casa,Oeste,Baixa,Sim,Não,Sim,3,117.0,100,3,6230.85,609.13
Apartamento,Norte,Baixa,Sim,Não,Não,6,135.0,9,2,5675.71,655.93
Casa,Sul,Baixa,Não,Não,Não,4,88.0,18,6,699.18,537.28
Apartamento,Leste,Média,Não,Não,Não,4,96.3,17,5,3032.39,514.45
Casa,Centro,Baixa,,Não,Não,3,104.6,23,6,3855.57,719.7
Casa,Oeste,Média,Não,Não,Não,4,72.4,12,3,6448.72,363.47
Apartamento,Norte,Baixa,Sim,Não,Não,3,52.9,16,4,6915.95,549.08
Apartamento,Sul,,Sim,Não,Não,6,89.4,24,6,8516.36,991.16
Apartamento,Sul,Baixa,Não,Não,Não,3,71.0,23,3,3738.3,427.55
Apartamento,Centro,Baixa,Não,Não,Não,5,150.1,23,6,1794.78,674.98
Apartamento,Oeste,Baixa,Não,Não,Não,3,40.3,10,1,3382.44,342.23
Apartamento,Norte,Média,Não,Sim,Sim,2,83.2,12,2,3734.85,493.8
Apartamento,Norte,Média,Não,Sim,Não,3,93.7,14,1,3495.52,464.95
Apartamento,Norte,Baixa,Não,Sim,Não,2,60.1,21,2,,551.65
,Centro,Média,Não,Não,Não,4,71.2,5,4,7245.55,412.8
Apartamento,Centro,Baixa,Não,Não,Não,3,86.8,23,3,4470.37,483.06
Casa,Oeste,Baixa,Não,Não,Sim,1,50.2,16,6,6752.74,489.76
Casa,Norte,Média,Sim,Não,Não,2,97.2,6,2,7925.13,437.75
Casa,Norte,Alta,Sim,Não,Não,6,132.3,21,3,5473.64,731.7
Sobrado,Oeste,Média,Sim,Não,Não,3,73.6,11,6,2656.41,613.69
Apartamento,Oeste,Baixa,Não,Não,Não,2,108.0,18,2,4802.33,378.38
