sexo,tipo_plano,usa_personal,aulas_coletivas,forma_pagamento,canal_aquisicao,idade,frequencia_semanal,faltas_mes,tempo_cliente_meses,mensalidade,atrasos_pagamento,cancelou
Feminino,Trimestral,Não,Não,,Indicação,42.0,0,14,7,242.38,5,0.0
Feminino,Mensal,,Sim,Boleto,Rua,17.0,7,1,57,145.13,3,0.0
Masculino,Mensal,Não,Sim,Débito,Instagram,27.0,1,5,10,273.55,0,0.0
Masculino,Mensal,Não,Não,Débito,Google,43.0,0,13,41,129.43,5,1.0
Masculino,Mensal,Não,Sim,Pix,Rua,59.0,0,14,13,161.15,2,1.0
Masculino,Mensal,,Não,Cartão,App,28.0,5,10,16,114.95,5,1.0
Masculino,Mensal,Não,Não,Pix,Indicação,36.0,2,3,34,79.21,3,0.0
Feminino,Mensal,Não,Sim,Pix,Google,58.0,2,14,8,202.49,4,1.0
Masculino,Mensal,,Não,Boleto,Google,23.0,7,13,31,269.8,4,0.0
Masculino,Mensal,,Não,Boleto,Instagram,68.0,2,4,55,152.9,0,1.0
Masculino,Trimestral,Não,Sim,Pix,Rua,27.0,7,15,28,180.17,2,0.0
Masculino,Mensal,Não,Não,Boleto,Indicação,56.0,0,11,7,105.05,2,1.0
Masculino,Anual,Não,Não,Débito,App,59.0,4,4,34,145.24,5,0.0
,Trimestral,Não,Não,Pix,Indicação,26.0,2,3,33,87.74,1,0.0
Outro,Trimestral,Não,Sim,Débito,Rua,34.0,5,13,4,269.81,0,0.0
Feminino,Mensal,Não,Não,Pix,Google,23.0,2,1,55,107.96,4,0.0
Masculino,Trimestral,Sim,Não,Débito,App,42.0,7,11,38,179.91,0,0.0
Feminino,Mensal,Não,Não,Cartão,Instagram,22.0,3,15,26,275.0,5,0.0
Masculino,Anual,Não,,Pix,Rua,36.0,5,7,2,186.86,0,0.0
Masculino,Anual,Sim,Não,Cartão,Indicação,42.0,0,14,32,173.8,1,1.0
Masculino,Trimestral,Não,Não,Cartão,Rua,29.0,0,14,39,199.21,1,0.0
Masculino,Anual,Não,Não,Pix,Instagram,47.0,2,14,42,103.17,3,1.0
Feminino,Trimestral,Não,Não,Boleto,Indicação,44.0,3,0,59,70.67,0,0.0
Feminino,Mensal,Não,Sim,Pix,App,39.0,3,8,41,193.99,4,0.0
Feminino,Trimestral,Não,,Pix,Indicação,43.0,1,5,2,187.3,5,0.0
Feminino,Mensal,Não,Sim,Boleto,Indicação,39.0,1,15,26,198.72,5,1.0
Masculino,Trimestral,Não,Sim,Débito,Instagram,69.0,2,3,47,28.05,1,0.0
Masculino,Mensal,Sim,Não,Boleto,Indicação,17.0,5,15,27,,3,0.0
Feminino,Mensal,Sim,Sim,Débito,Rua,67.0,0,5,15,186.93,3,1.0
Masculino,Trimestral,Não,Não,Cartão,Google,46.0,5,10,21,169.94,5,0.0
Masculino,Mensal,Não,Não,Pix,Instagram,27.0,3,8,48,234.38,3,
Masculino,Trimestral,Sim,Não,Boleto,Instagram,,7,12,27,198.07,4,0.0
Feminino,Trimestral,Não,Não,Boleto,Instagram,36.0,3,13,34,251.59,5,1.0
Feminino,Anual,Não,Sim,Débito,Rua,44.0,20,11,49,247.74,1,0.0
Masculino,Mensal,Não,Não,Cartão,Rua,45.0,0,11,11,216.71,2,1.0
Feminino,Trimestral,Não,,Pix,Rua,57.0,6,8,23,173.25,4,1.0
Feminino,Anual,Não,Sim,Boleto,Rua,16.0,1,2,50,199.56,5,0.0
Feminino,,Não,Sim,Débito,Indicação,37.0,6,12,22,205.66,0,0.0
Feminino,Anual,Sim,Não,Cartão,Instagram,57.0,2,14,23,251.96,2,1.0
Feminino,Mensal,Sim,Não,Cartão,Instagram,23.0,1,14,1,158.67,4,1.0
Masculino,Mensal,Não,Não,Débito,App,28.0,7,14,59,205.36,1,0.0
Feminino,Mensal,Não,Não,Cartão,Google,29.0,7,14,12,96.36,3,1.0
Feminino,Trimestral,Não,Não,Débito,Indicação,57.0,3,7,25,,4,1.0
Masculino,Mensal,Não,Sim,Débito,Google,16.0,5,0,6,193.75,0,0.0
Feminino,Mensal,Sim,Não,Débito,Indicação,47.0,5,8,50,202.71,0,0.0
Masculino,Trimestral,Não,Não,Cartão,Indicação,53.0,3,6,49,217.39,0,0.0
Feminino,Mensal,Sim,Não,Pix,Indicação,27.0,0,13,49,136.79,5,1.0
Masculino,Trimestral,Não,,Pix,Instagram,67.0,6,15,34,183.29,2,0.0
Feminino,Mensal,Não,Sim,Boleto,Google,,0,9,28,150.06,5,0.0
Masculino,Mensal,Não,Sim,Débito,Google,60.0,6,14,25,290.4,3,0.0
Masculino,Mensal,Não,Não,Boleto,Rua,62.0,6,6,18,89.62,4,0.0
Masculino,Trimestral,Sim,Sim,Boleto,Google,31.0,0,5,47,307.54,2,0.0
Masculino,Anual,Não,Não,Boleto,Rua,,2,0,1,220.52,4,1.0
Outro,Trimestral,Sim,Não,Débito,App,59.0,4,12,32,18.15,1,0.0
Masculino,Anual,Não,Sim,Boleto,Rua,35.0,7,1,29,150.11,1,0.0
Masculino,Mensal,Não,Não,Débito,Indicação,58.0,5,10,20,194.74,4,1.0
Feminino,Trimestral,Não,Não,,Instagram,59.0,6,15,46,177.08,2,0.0
Masculino,Trimestral,Sim,Sim,Débito,Indicação,,4,2,13,83.12,0,0.0
Masculino,Trimestral,Sim,,Débito,App,42.0,5,0,57,110.45,2,0.0
,Anual,Não,Não,Débito,Instagram,49.0,6,4,12,187.16,5,1.0
Feminino,Trimestral,Não,Não,Pix,App,37.0,6,10,8,96.61,2,1.0
Feminino,Mensal,Não,Não,Cartão,Indicação,18.0,6,4,39,230.12,4,0.0
Feminino,Anual,Não,Não,Débito,Instagram,32.0,2,5,8,164.01,2,1.0
Outro,Mensal,Não,Sim,Pix,App,29.0,5,13,18,215.51,1,1.0
Feminino,Mensal,Não,Não,Débito,Rua,42.0,2,12,21,113.83,4,1.0
Outro,Mensal,Não,Não,Cartão,Google,54.0,2,6,28,98.67,5,1.0
Masculino,Mensal,Sim,Não,Cartão,Indicação,35.0,1,9,31,241.98,4,1.0
Masculino,Mensal,Não,Sim,Boleto,Rua,61.0,5,8,15,176.07,4,1.0
Masculino,Anual,Não,Sim,,App,46.0,2,12,39,80.82,2,0.0
,Mensal,Sim,,Débito,App,56.0,1,15,33,129.98,3,
,Trimestral,Não,Não,Débito,Instagram,,5,6,38,,5,0.0
Masculino,Mensal,Não,Não,Pix,Rua,44.0,0,12,23,91.37,5,1.0
Feminino,Mensal,Não,,Pix,App,57.0,5,5,16,9.31,0,0.0
Masculino,Mensal,Não,Não,Boleto,Instagram,58.0,3,12,24,89.56,5,1.0
Masculino,Trimestral,Não,Sim,Boleto,Google,47.0,4,14,21,226.62,0,1.0
Masculino,Mensal,Não,Sim,Boleto,Google,45.0,3,8,46,75.43,1,0.0
Masculino,Trimestral,Não,Sim,Boleto,Instagram,58.0,4,1,8,237.36,4,0.0
Outro,Trimestral,,Não,Cartão,Rua,42.0,0,5,42,196.5,0,0.0
Feminino,Mensal,Não,Não,Pix,Instagram,34.0,4,4,59,135.03,2,0.0
Feminino,Mensal,Não,Não,Boleto,Instagram,43.0,0,11,17,249.1,5,0.0
Masculino,Mensal,Não,Não,Débito,Rua,60.0,5,14,15,98.85,2,1.0
Masculino,Trimestral,Sim,Sim,Débito,Google,25.0,3,5,14,142.47,2,0.0
Masculino,Anual,Não,Não,Boleto,App,31.0,1,14,20,175.09,5,0.0
Feminino,Trimestral,Sim,Não,Boleto,Google,,5,14,32,152.21,1,1.0
Masculino,Mensal,Não,Não,Débito,Rua,25.0,6,9,11,,4,0.0
Feminino,Anual,Sim,Não,Boleto,Indicação,25.0,5,0,38,214.22,0,0.0
Feminino,Mensal,Não,Não,Pix,Rua,43.0,4,10,32,142.56,4,1.0
Masculino,Mensal,,,Cartão,Google,27.0,6,4,4,268.64,4,1.0
Feminino,Trimestral,Não,Sim,Débito,Google,48.0,6,11,29,123.5,2,0.0
Feminino,Mensal,Sim,Sim,Cartão,Rua,43.0,5,7,5,162.57,0,0.0
Masculino,Anual,Não,Não,Boleto,Rua,33.0,7,2,43,205.57,1,0.0
Feminino,Trimestral,Não,Não,Cartão,Rua,67.0,2,13,12,168.06,4,1.0
Feminino,Mensal,Sim,Sim,Boleto,Google,43.0,1,2,43,93.11,5,0.0
,Mensal,Não,Não,Boleto,Instagram,43.0,1,12,50,177.12,3,1.0
Masculino,Trimestral,Não,Sim,Débito,Indicação,58.0,0,12,39,120.83,2,0.0
Masculino,Trimestral,Não,Sim,Pix,Instagram,54.0,3,10,57,282.48,3,0.0
Feminino,Anual,Não,Não,Cartão,Google,29.0,2,6,23,264.98,1,0.0
Masculino,Trimestral,Sim,Não,,Instagram,23.0,7,6,33,,1,0.0
,Trimestral,Não,Sim,,Rua,45.0,3,11,16,161.37,1,1.0
Masculino,Mensal,,Não,Pix,App,51.0,7,1,50,243.57,1,0.0
Masculino,Mensal,Não,Sim,Boleto,Rua,18.0,6,12,44,250.82,0,0.0
Masculino,Trimestral,,Não,Débito,Indicação,25.0,6,15,11,207.71,3,0.0
Feminino,Anual,Não,Não,Débito,Rua,24.0,3,7,8,263.28,2,1.0
,Trimestral,Não,Sim,Pix,App,62.0,1,14,33,201.16,3,0.0
Feminino,Mensal,Não,Não,Cartão,Google,55.0,2,4,48,187.81,0,0.0
Feminino,Trimestral,Não,Sim,Pix,Instagram,28.0,4,8,34,196.28,4,0.0
Masculino,Trimestral,Não,Sim,Cartão,Rua,37.0,7,12,21,144.27,1,0.0
Feminino,Mensal,Não,Sim,Cartão,Instagram,,6,0,38,226.14,4,0.0
Masculino,Trimestral,Não,Não,Cartão,Indicação,22.0,2,10,17,165.89,1,0.0
Feminino,Trimestral,Não,,Boleto,Instagram,28.0,7,3,49,197.42,2,0.0
,Mensal,Sim,Não,Boleto,Indicação,21.0,0,15,34,161.62,1,0.0
Masculino,Trimestral,Não,Sim,Pix,Indicação,25.0,5,7,51,206.22,1,0.0
Masculino,Mensal,,Sim,Boleto,Rua,66.0,1,15,41,193.58,5,1.0
Masculino,Mensal,,Não,Boleto,App,26.0,2,8,3,238.72,4,
Feminino,Trimestral,Não,Não,Débito,Instagram,44.0,0,8,24,145.42,5,0.0
Masculino,Mensal,Não,Sim,Pix,Indicação,31.0,4,9,22,143.14,4,1.0
Masculino,Trimestral,Não,Não,Cartão,Indicação,69.0,3,10,10,220.97,4,1.0
Feminino,Trimestral,Não,Não,Pix,Indicação,35.0,3,0,5,280.62,0,0.0
Feminino,Anual,Não,Sim,Boleto,Google,36.0,0,0,41,162.62,1,0.0
Masculino,Anual,Não,Não,,Instagram,44.0,1,6,31,216.28,4,1.0
Masculino,Trimestral,Não,Não,Débito,Instagram,29.0,3,10,24,126.73,0,0.0
Feminino,Mensal,Não,Não,Pix,Indicação,56.0,7,12,46,150.49,5,0.0
Masculino,Trimestral,Não,Não,Débito,Instagram,31.0,1,11,11,182.36,5,1.0
Feminino,Mensal,Não,Não,Cartão,Instagram,24.0,1,5,51,198.19,2,1.0
Feminino,Trimestral,Não,Não,Boleto,Google,21.0,3,13,55,194.04,2,0.0
Masculino,Mensal,Não,Não,Débito,Indicação,53.0,4,6,48,165.32,1,0.0
Feminino,Trimestral,Não,Não,Boleto,Instagram,44.0,7,7,14,92.63,4,0.0
Masculino,Mensal,Não,Não,Pix,App,33.0,5,10,46,102.54,1,
Feminino,Mensal,Não,Sim,Cartão,Indicação,39.0,7,5,4,258.23,1,0.0
Feminino,Anual,Não,,Boleto,Instagram,66.0,2,9,8,155.38,1,1.0
Feminino,Mensal,Não,Não,Cartão,Google,32.0,5,15,7,177.68,0,1.0
Outro,Trimestral,Não,Sim,Pix,App,51.0,3,13,35,191.14,1,1.0
Feminino,Trimestral,Sim,Não,Pix,Rua,36.0,2,9,55,318.79,5,1.0
Feminino,Mensal,Não,Não,Pix,Rua,34.0,1,11,32,163.79,2,0.0
Masculino,Trimestral,Não,Não,Boleto,App,38.0,6,9,22,239.99,4,0.0
Feminino,Mensal,Não,Não,Boleto,Rua,,4,6,22,121.14,3,0.0
Feminino,Anual,Não,,Débito,App,68.0,1,10,46,149.19,3,0.0
Outro,Trimestral,,Não,Boleto,Instagram,26.0,6,6,43,208.7,3,0.0
Feminino,Mensal,Não,Sim,Boleto,Rua,,4,6,26,217.19,4,0.0
Masculino,Mensal,Não,Não,Débito,Rua,68.0,6,12,51,203.19,1,0.0
Masculino,Trimestral,Não,Não,Débito,App,69.0,5,13,36,182.18,5,1.0
Feminino,Trimestral,Não,Não,Pix,Instagram,26.0,5,1,29,175.22,4,0.0
Feminino,Trimestral,Não,Não,Boleto,Instagram,58.0,5,2,4,255.95,4,0.0
Masculino,Mensal,Não,Sim,Boleto,Indicação,37.0,0,9,31,269.66,5,1.0
Masculino,Anual,Não,Sim,Boleto,Indicação,34.0,7,8,22,173.67,0,0.0
Masculino,Mensal,Não,Não,Pix,Instagram,23.0,5,0,57,177.15,5,
Feminino,Trimestral,,Não,Pix,App,38.0,4,12,53,163.23,4,0.0
Feminino,Mensal,Sim,Não,Débito,Google,63.0,4,7,8,150.35,0,0.0
Masculino,Mensal,Não,Não,Boleto,Google,68.0,5,6,21,226.0,2,0.0
Masculino,Trimestral,Não,Não,Cartão,Indicação,38.0,1,5,15,169.68,0,0.0
Feminino,Mensal,Não,Não,Cartão,Rua,55.0,5,0,48,192.88,3,0.0
Feminino,Anual,Sim,Sim,Débito,Google,24.0,5,8,54,204.53,0,0.0
Feminino,Trimestral,Não,Não,Débito,Rua,39.0,7,1,54,,2,0.0
Feminino,Anual,Não,Não,Boleto,Rua,27.0,3,9,4,142.02,4,0.0
Masculino,Mensal,Sim,Sim,Débito,Instagram,27.0,6,11,42,185.09,3,0.0
Feminino,Mensal,Não,Não,Débito,Google,47.0,3,4,58,224.1,0,0.0
Feminino,Trimestral,Sim,Sim,,Google,17.0,6,8,5,272.88,5,0.0
Outro,Mensal,Sim,Não,Boleto,Rua,21.0,2,11,36,180.94,1,0.0
Feminino,Mensal,Não,Não,Pix,Rua,19.0,0,7,2,-100.0,5,1.0
Masculino,Trimestral,Não,Não,Débito,Instagram,28.0,7,9,50,212.96,4,0.0
Feminino,Trimestral,Sim,Sim,Cartão,App,51.0,7,14,8,173.28,3,0.0
Feminino,Mensal,Não,Não,Pix,Google,56.0,7,13,47,299.98,3,0.0
Masculino,Anual,Não,Sim,Cartão,Google,54.0,4,3,4,253.63,0,0.0
Masculino,Trimestral,Sim,Não,Débito,Instagram,53.0,2,14,13,102.97,4,0.0
Masculino,Trimestral,Não,Sim,Pix,Instagram,33.0,7,7,14,140.7,4,
Feminino,Mensal,Não,Sim,,App,30.0,5,8,9,268.73,1,1.0
Feminino,Mensal,Não,Não,Boleto,Rua,63.0,4,11,28,186.28,1,1.0
Feminino,Trimestral,Não,,Débito,Google,48.0,4,14,38,214.55,3,0.0
Masculino,Anual,,Sim,Boleto,Rua,57.0,0,10,12,164.45,5,1.0
Masculino,Mensal,Não,,Débito,Google,45.0,0,4,28,288.03,3,0.0
Masculino,Trimestral,Não,Sim,Débito,Instagram,51.0,6,0,13,188.72,2,1.0
Masculino,Mensal,Não,Sim,Débito,Instagram,40.0,2,10,21,228.35,3,1.0
Outro,Anual,Não,Sim,Débito,Instagram,19.0,7,5,55,93.4,1,0.0
Feminino,Trimestral,Não,Não,Boleto,App,,3,3,38,107.0,0,0.0
Masculino,Anual,Não,Não,Débito,Google,60.0,4,5,52,304.39,2,0.0
Feminino,Trimestral,Não,,,Instagram,69.0,1,0,26,,3,0.0
Feminino,Mensal,Não,Sim,Pix,App,48.0,2,3,25,217.0,1,0.0
Masculino,Mensal,Não,Não,Boleto,Rua,35.0,4,15,22,235.77,5,1.0
Outro,Mensal,Não,Não,Pix,App,57.0,6,4,51,197.27,2,0.0
Masculino,Mensal,Não,Não,Pix,App,36.0,0,5,52,238.77,0,1.0
Feminino,Mensal,Não,Não,Débito,Indicação,16.0,5,13,52,70.04,0,0.0
Feminino,Anual,Sim,Não,Boleto,Rua,49.0,0,4,8,253.02,5,1.0
Masculino,Mensal,Não,Não,Boleto,Indicação,24.0,0,1,37,38.13,1,0.0
Masculino,Anual,,Não,Débito,Google,,0,2,40,231.71,4,0.0
Masculino,Mensal,Não,Não,Pix,App,-5.0,5,4,45,341.94,5,0.0
Masculino,Anual,Não,Sim,Débito,App,42.0,7,10,59,255.89,1,1.0
Masculino,Anual,Não,Não,Cartão,App,30.0,3,14,56,184.93,1,1.0
Feminino,Mensal,Não,Não,Cartão,App,39.0,3,6,22,166.58,1,0.0
Feminino,Anual,Não,Sim,,Indicação,40.0,4,3,13,179.05,4,0.0
Feminino,Anual,Sim,Não,Débito,Google,49.0,7,10,37,115.4,3,0.0
Feminino,Mensal,Não,Não,Pix,Indicação,59.0,4,5,14,169.04,3,1.0
Feminino,Anual,Não,Sim,Boleto,App,65.0,2,8,18,92.07,0,0.0
Masculino,Mensal,,Sim,Boleto,Google,25.0,0,9,47,,3,0.0
Feminino,Mensal,Sim,,Débito,Rua,45.0,6,6,33,234.07,1,0.0
Masculino,,Não,Não,Débito,Indicação,60.0,0,2,7,228.44,5,1.0
,Mensal,Não,Não,Débito,Instagram,56.0,5,14,10,204.72,3,1.0
Feminino,Mensal,Não,Não,Boleto,Rua,40.0,1,10,58,190.12,4,1.0
Feminino,Anual,,Sim,Débito,Rua,18.0,7,4,30,75.12,5,0.0
Masculino,Anual,Não,Não,Pix,App,37.0,1,8,59,156.89,3,1.0
Masculino,Anual,Não,Sim,Boleto,App,55.0,0,15,55,175.57,1,0.0
Masculino,Trimestral,Não,Sim,Cartão,Rua,61.0,1,4,34,84.81,3,1.0
Feminino,Anual,Não,Não,Cartão,Indicação,39.0,1,2,45,96.19,5,0.0
Outro,Mensal,Não,Não,Débito,Google,42.0,0,7,3,237.87,0,1.0
Feminino,Anual,Não,Não,,Indicação,41.0,3,6,59,199.25,3,1.0
Feminino,Mensal,Não,Sim,Boleto,Indicação,31.0,3,11,40,110.89,0,0.0
Masculino,Anual,Sim,Não,Pix,Rua,53.0,7,4,12,262.14,2,0.0
Masculino,Trimestral,Não,Não,Cartão,Indicação,56.0,6,4,36,239.14,4,0.0
Feminino,Anual,,Não,Débito,Google,68.0,7,0,53,172.19,0,0.0
Masculino,Anual,Não,Sim,Boleto,Rua,19.0,4,7,31,104.12,5,0.0
Masculino,Anual,Não,,Débito,Indicação,38.0,3,5,23,275.75,2,0.0
Feminino,Trimestral,Não,Não,Boleto,App,,0,14,8,280.82,2,0.0
Feminino,Anual,Não,Não,Cartão,Indicação,30.0,6,4,1,249.97,1,0.0
Feminino,Anual,Sim,Não,Pix,Rua,46.0,1,12,55,247.0,2,0.0
Outro,Mensal,Sim,Não,Pix,Rua,39.0,0,6,35,176.75,4,
Feminino,Trimestral,Não,Não,Cartão,App,26.0,2,1,47,186.38,4,0.0
,Mensal,Não,Não,Pix,Rua,68.0,6,2,15,261.69,4,0.0
Feminino,Anual,Não,Sim,,Instagram,25.0,1,8,53,194.98,4,1.0
Feminino,Mensal,Não,,Pix,Rua,23.0,0,4,28,130.11,1,0.0
Feminino,Anual,Não,Não,Débito,Indicação,18.0,7,5,12,124.23,3,0.0
Feminino,Mensal,Não,Não,Cartão,Google,34.0,6,7,1,,5,0.0
Feminino,Mensal,Não,Não,,Indicação,19.0,7,13,11,306.68,5,1.0
Feminino,Anual,Não,Sim,Débito,Rua,44.0,4,2,51,212.28,0,0.0
Masculino,Mensal,Não,Não,Cartão,Instagram,60.0,4,0,37,313.3,1,1.0
Masculino,Trimestral,Não,Sim,Boleto,Indicação,56.0,1,13,49,61.87,5,0.0
Masculino,Anual,Sim,Não,Boleto,Google,36.0,3,12,2,105.55,1,0.0
Masculino,Mensal,Não,Sim,Boleto,Indicação,69.0,4,3,45,149.36,0,0.0
Feminino,Trimestral,Não,Sim,Débito,App,67.0,5,13,35,,5,0.0
Feminino,Trimestral,Sim,Sim,,Instagram,60.0,2,1,45,166.93,0,0.0
Masculino,Anual,Não,Não,Pix,Rua,24.0,7,8,8,250.77,3,0.0
Feminino,Mensal,Não,Não,Débito,Indicação,,5,3,31,57.89,3,0.0
Masculino,Mensal,Não,Sim,Boleto,Indicação,66.0,5,8,21,235.37,4,0.0
Feminino,Trimestral,Não,Não,Cartão,Indicação,63.0,6,6,53,106.3,5,0.0
Feminino,Mensal,Não,Não,Cartão,Indicação,33.0,5,14,45,,3,1.0
Masculino,Mensal,Não,Não,Débito,Google,34.0,1,15,3,171.96,3,1.0
Feminino,Mensal,Não,Não,Boleto,App,32.0,2,6,25,176.47,0,0.0
Feminino,Trimestral,Sim,Sim,Débito,App,59.0,1,0,41,240.46,2,0.0
Masculino,Anual,Não,Sim,Débito,Instagram,58.0,3,1,28,168.29,4,0.0
Feminino,Mensal,Não,,Pix,Instagram,39.0,0,6,28,221.49,4,0.0
,Mensal,Não,Não,Boleto,Google,64.0,5,11,2,243.65,1,0.0
Masculino,Trimestral,Sim,Não,Pix,App,21.0,1,15,8,187.27,3,0.0
Feminino,Mensal,Não,Sim,Débito,Instagram,46.0,0,4,1,310.84,3,1.0
Feminino,Trimestral,Não,Não,Débito,Rua,42.0,1,6,21,142.87,0,0.0
Masculino,Mensal,Não,Não,Cartão,App,62.0,6,14,15,131.39,3,1.0
Feminino,Mensal,Não,Não,Cartão,Indicação,49.0,3,2,55,133.05,1,0.0
Feminino,Mensal,,Não,Cartão,App,61.0,2,7,8,313.77,0,0.0
Feminino,Mensal,Sim,Não,Pix,Rua,42.0,0,3,40,230.41,4,1.0
Masculino,Anual,Não,Não,Débito,Indicação,42.0,2,7,22,251.64,3,0.0
Feminino,Anual,Não,Não,Boleto,App,50.0,7,5,39,221.54,3,0.0
Feminino,Trimestral,Não,Sim,Débito,Indicação,27.0,1,8,20,174.43,1,1.0
Feminino,Trimestral,Não,Não,Boleto,Indicação,44.0,6,5,13,189.07,5,0.0
Masculino,Mensal,Não,Sim,Pix,Google,21.0,5,3,26,120.53,1,0.0
Masculino,Trimestral,Não,Não,Boleto,Rua,52.0,1,2,39,304.93,0,0.0
Masculino,Trimestral,Não,,Pix,Google,22.0,7,14,7,174.12,4,1.0
Feminino,Mensal,Sim,Sim,Boleto,App,21.0,3,13,57,127.99,5,0.0
Feminino,Mensal,Não,Sim,Boleto,Indicação,68.0,1,3,11,92.31,5,1.0
Feminino,Mensal,,Sim,Pix,App,34.0,3,15,31,283.57,1,0.0
Feminino,Mensal,Não,Não,Boleto,App,29.0,1,15,34,242.96,1,1.0
,Trimestral,Sim,Não,Débito,Google,65.0,5,10,11,210.18,4,0.0
Feminino,Anual,Não,Não,Cartão,App,36.0,2,6,24,67.77,2,1.0
Feminino,Anual,Sim,Sim,Cartão,Rua,29.0,1,7,25,203.84,0,0.0
Masculino,Trimestral,Não,Sim,Pix,Indicação,,0,1,51,164.35,5,0.0
Masculino,Mensal,Não,,Boleto,Instagram,,7,8,56,149.65,2,1.0
Masculino,Mensal,Sim,Sim,Pix,Rua,68.0,4,6,33,263.94,4,0.0
Masculino,Trimestral,Não,Sim,Pix,Instagram,66.0,0,6,29,99.59,5,1.0
Masculino,Mensal,Sim,Não,Boleto,Instagram,47.0,6,12,58,93.03,5,0.0
Feminino,Mensal,Não,Não,Cartão,Google,41.0,0,11,21,80.21,3,0.0
Masculino,Trimestral,Não,Não,Débito,Instagram,18.0,3,9,49,125.35,5,0.0
Masculino,Mensal,Não,Sim,Cartão,Indicação,30.0,1,13,33,96.5,0,0.0
Outro,Mensal,Não,Sim,Boleto,Google,36.0,7,15,45,234.52,4,0.0
Feminino,Mensal,Não,Não,Cartão,Rua,45.0,2,14,6,125.52,4,0.0
Feminino,Mensal,Não,Não,Pix,Rua,,6,3,37,191.99,5,0.0
,Trimestral,Sim,Não,Pix,Rua,62.0,1,6,53,141.47,0,0.0
Feminino,Mensal,Não,Não,Pix,App,29.0,4,1,2,239.21,2,0.0
Feminino,Mensal,Não,Sim,Débito,Google,62.0,1,10,42,223.18,3,1.0
Feminino,Mensal,Não,Sim,Cartão,Google,54.0,4,9,30,183.07,2,0.0
Masculino,Mensal,Não,Não,Boleto,Google,52.0,4,13,57,276.19,1,0.0
Feminino,Anual,Não,Não,Débito,Indicação,56.0,0,13,28,146.18,2,0.0
Outro,Mensal,Não,,Boleto,Google,63.0,4,2,32,158.82,1,1.0
,Mensal,Não,Não,Pix,Indicação,43.0,4,15,53,189.42,0,0.0
Masculino,Trimestral,Sim,Não,Pix,Rua,17.0,5,1,51,,5,0.0
Masculino,Mensal,Não,Sim,Pix,App,37.0,6,11,27,65.25,1,0.0
Feminino,Trimestral,Não,Não,Cartão,Instagram,22.0,6,4,39,249.03,4,0.0
Masculino,Mensal,Sim,Não,Boleto,App,59.0,2,0,22,143.25,5,0.0
Feminino,Anual,Não,Sim,Boleto,App,47.0,5,13,15,219.2,5,0.0
Masculino,Anual,Não,Sim,Débito,App,31.0,3,12,43,133.64,5,1.0
Masculino,Trimestral,Não,Não,Cartão,Instagram,51.0,1,1,38,260.44,1,0.0
,Trimestral,Não,Não,Boleto,Indicação,17.0,2,14,37,241.86,4,1.0
Feminino,Mensal,Não,Não,Débito,Rua,32.0,3,14,36,242.26,4,
Outro,Anual,Não,Não,Débito,Instagram,64.0,0,10,38,206.56,2,1.0
Masculino,Mensal,,Não,Débito,Rua,18.0,2,15,7,168.7,5,1.0
Masculino,Mensal,Não,Não,Débito,Indicação,63.0,2,5,31,77.94,5,0.0
Masculino,Mensal,Não,Não,Pix,Rua,38.0,0,5,44,183.23,3,1.0
Feminino,Mensal,Não,Sim,Boleto,Indicação,52.0,7,11,30,249.31,5,0.0
Feminino,Trimestral,Não,Sim,Débito,Instagram,54.0,4,7,14,228.02,2,0.0
Feminino,Mensal,Sim,Não,Débito,Instagram,43.0,0,8,56,135.56,2,1.0
Outro,Trimestral,Não,Não,Débito,Rua,60.0,1,8,34,364.42,4,1.0
Feminino,Mensal,Não,Não,Boleto,Rua,,0,6,52,243.52,3,1.0
,Anual,Não,Não,Cartão,App,23.0,6,11,27,134.99,4,1.0
Masculino,Trimestral,Não,Não,Boleto,App,48.0,2,15,23,144.95,5,1.0
Masculino,Trimestral,,Sim,Pix,Rua,,6,15,3,117.79,3,0.0
Feminino,Trimestral,,Não,Cartão,App,68.0,7,9,5,171.92,1,0.0
Masculino,Anual,Não,Sim,Cartão,Rua,22.0,6,0,42,274.67,4,1.0
Feminino,Mensal,Não,Não,Cartão,Google,26.0,0,3,30,207.03,2,1.0
Masculino,Mensal,Não,,Pix,App,55.0,1,6,7,279.44,4,0.0
Masculino,Trimestral,,,Boleto,Rua,23.0,6,1,41,,0,0.0
Masculino,Anual,Sim,Não,Débito,Google,35.0,7,11,54,262.4,0,0.0
Feminino,Mensal,Não,Sim,Cartão,App,58.0,4,8,18,281.43,0,0.0
Masculino,Mensal,Não,Não,Pix,Instagram,54.0,4,15,57,179.71,2,
Feminino,Mensal,Não,Não,Pix,Rua,43.0,3,12,38,190.4,2,1.0
Feminino,Mensal,Não,Não,Pix,Instagram,,5,0,10,97.3,0,0.0
Outro,Anual,Não,Sim,,App,65.0,3,8,44,215.46,5,0.0
Feminino,Mensal,Não,Sim,Boleto,Google,37.0,1,14,34,194.37,2,1.0
Feminino,Trimestral,Sim,Não,,Rua,-5.0,3,6,33,299.93,5,0.0
Feminino,Anual,Não,Sim,Boleto,Google,21.0,4,12,32,158.63,2,1.0
Masculino,Mensal,Não,Não,Cartão,Instagram,22.0,6,9,31,118.25,2,0.0
Feminino,Mensal,,Sim,Débito,Rua,25.0,6,15,28,92.93,0,0.0
Masculino,Mensal,Sim,Não,Cartão,Instagram,55.0,5,5,4,263.09,1,0.0
Masculino,Trimestral,Não,Sim,Boleto,Instagram,19.0,4,13,15,190.82,5,0.0
,Mensal,Não,Não,Débito,Google,24.0,6,11,2,161.97,5,1.0
Masculino,Mensal,Sim,Não,Pix,App,53.0,3,6,23,194.14,1,0.0
Masculino,Mensal,,Não,Cartão,Instagram,64.0,0,1,59,103.96,3,0.0
Masculino,Mensal,Não,Não,Boleto,Instagram,34.0,4,9,23,101.37,4,1.0
Feminino,Mensal,Não,Sim,Pix,Indicação,61.0,6,11,35,283.79,1,1.0
Masculino,Mensal,Não,Não,Cartão,Google,48.0,3,1,27,191.65,3,0.0
Masculino,Mensal,Sim,Não,,Instagram,53.0,3,13,26,204.82,1,0.0
Feminino,Trimestral,Não,Sim,Pix,Indicação,37.0,6,2,49,180.51,0,0.0
Masculino,Mensal,Sim,Sim,,Google,54.0,7,5,34,142.1,3,0.0
Feminino,Trimestral,Sim,Sim,,Rua,16.0,6,0,13,142.07,0,0.0
Feminino,Trimestral,Não,Sim,Pix,App,64.0,1,10,40,117.99,0,0.0
Masculino,Anual,Não,Não,Boleto,Google,68.0,1,3,52,,3,0.0
Feminino,Mensal,Não,,Boleto,Instagram,36.0,4,7,51,208.6,5,0.0
Outro,Mensal,Não,Sim,Pix,Indicação,64.0,2,7,10,147.88,5,1.0
Feminino,Anual,Não,Não,Pix,Indicação,22.0,7,13,39,224.29,3,0.0
Masculino,Anual,Não,Não,Pix,Rua,61.0,3,15,26,131.28,1,0.0
Feminino,Mensal,Não,Sim,Débito,Indicação,22.0,6,4,4,241.32,1,0.0
Masculino,Mensal,Sim,Sim,Pix,Instagram,37.0,0,6,18,129.69,4,0.0
Masculino,Anual,Sim,Sim,Débito,Google,28.0,2,4,35,189.27,1,0.0
Feminino,Mensal,Sim,Não,,Rua,38.0,3,3,47,139.3,5,0.0
Masculino,Anual,Não,Não,Débito,App,,2,5,52,268.67,3,0.0
,Anual,Sim,Não,Pix,App,41.0,3,13,17,266.75,1,0.0
Masculino,Mensal,Não,Não,Débito,Instagram,33.0,3,15,56,223.85,3,0.0
Feminino,Anual,Não,Não,Cartão,Rua,68.0,2,7,27,175.58,4,1.0
Masculino,Mensal,Não,Não,Pix,Rua,22.0,1,11,8,151.47,3,0.0
Masculino,Anual,Não,Não,Débito,Instagram,17.0,7,9,53,192.87,4,0.0
Masculino,Mensal,Não,Não,Débito,Rua,68.0,3,0,47,137.95,4,0.0
Masculino,Mensal,Não,Não,Boleto,Indicação,34.0,4,2,13,,4,0.0
Masculino,Trimestral,Sim,Não,Boleto,Indicação,29.0,7,3,46,168.24,0,0.0
Masculino,Mensal,Não,Não,Boleto,Instagram,40.0,2,4,22,185.95,5,
Feminino,Anual,Não,Não,Boleto,Instagram,48.0,5,0,36,194.91,2,1.0
Feminino,Mensal,Não,Não,Cartão,Indicação,63.0,7,8,43,272.98,5,0.0
Masculino,Mensal,Não,Não,Débito,Google,54.0,1,7,30,177.18,3,1.0
Feminino,Mensal,Sim,Não,Cartão,Instagram,63.0,0,1,35,288.44,5,0.0
Outro,Anual,Não,Não,Boleto,Indicação,35.0,6,4,51,232.04,1,1.0
Feminino,Mensal,Sim,Sim,Boleto,Google,59.0,3,8,45,231.69,2,0.0
Feminino,Anual,Não,Não,Boleto,Google,20.0,5,12,4,143.18,5,1.0
Masculino,Mensal,Não,Não,Boleto,Indicação,64.0,3,2,13,108.32,2,0.0
Masculino,Trimestral,Não,Não,Boleto,Indicação,36.0,5,4,47,185.51,5,0.0
Masculino,Anual,Não,Sim,Cartão,Rua,28.0,4,8,6,116.28,0,0.0
Feminino,Mensal,Sim,Não,Cartão,Google,29.0,1,5,18,72.47,3,0.0
Masculino,Mensal,Sim,Sim,Débito,App,69.0,3,12,54,152.01,3,0.0
Feminino,Anual,Não,Não,Cartão,Rua,31.0,6,4,8,82.75,1,0.0
Masculino,Trimestral,Não,Sim,Pix,Rua,60.0,5,7,41,238.58,0,0.0
Masculino,Trimestral,Não,Não,Boleto,Google,65.0,1,13,20,112.21,5,1.0
Masculino,Anual,Não,Sim,,Google,65.0,6,4,21,81.3,5,0.0
Masculino,Trimestral,Sim,Não,Boleto,Google,56.0,3,8,32,147.16,5,1.0
Masculino,Anual,Não,Não,Pix,Instagram,43.0,5,14,56,215.34,5,0.0
Masculino,Trimestral,Não,Não,Boleto,Indicação,16.0,0,10,58,153.98,2,0.0
Feminino,Trimestral,Não,Não,Pix,Indicação,17.0,7,12,32,229.18,5,
Feminino,Mensal,Não,Não,Pix,Indicação,23.0,5,2,2,218.06,3,1.0
Masculino,Anual,Não,Sim,Débito,Google,28.0,4,0,42,198.96,0,0.0
Feminino,Anual,Não,Não,Pix,Rua,53.0,0,3,2,142.6,4,0.0
Feminino,Mensal,Não,Não,Pix,Google,34.0,6,6,41,206.0,3,0.0
Feminino,Trimestral,Não,Não,Boleto,Google,66.0,7,15,32,,5,0.0
Masculino,Mensal,Não,Sim,Débito,Rua,17.0,0,12,59,173.33,2,1.0
Masculino,Trimestral,Sim,Sim,Débito,App,46.0,5,2,22,250.25,4,0.0
Masculino,Anual,Não,Não,Pix,Instagram,25.0,7,12,26,142.39,4,0.0
Feminino,Mensal,Não,Não,Boleto,App,20.0,2,9,41,,5,0.0
Feminino,Anual,Não,Não,Débito,Google,38.0,0,7,45,70.73,4,
Feminino,Mensal,Não,Sim,Pix,Indicação,69.0,4,1,10,224.34,5,0.0
Masculino,Trimestral,Não,Não,Cartão,Indicação,45.0,4,15,39,161.59,2,0.0
Masculino,Trimestral,Sim,Não,Boleto,Rua,47.0,5,8,45,160.83,0,1.0
Masculino,Mensal,Sim,Sim,Pix,Google,16.0,3,14,5,159.62,3,0.0
Masculino,Trimestral,Não,Não,Débito,Rua,60.0,5,13,12,197.47,0,0.0
Masculino,Anual,Não,Não,Pix,Rua,,0,2,41,153.66,5,1.0
Masculino,Mensal,Não,Não,Pix,Instagram,57.0,6,10,41,,2,0.0
Feminino,Mensal,Não,Não,Cartão,Rua,18.0,1,13,32,105.87,1,1.0
Masculino,Trimestral,Não,Não,Boleto,Google,62.0,2,5,50,154.63,5,1.0
Feminino,Anual,Não,Sim,Cartão,Instagram,45.0,5,6,56,197.6,3,0.0
Feminino,Anual,Não,Sim,Cartão,Indicação,52.0,2,4,40,169.58,3,0.0
Feminino,Mensal,Não,Sim,Cartão,Instagram,43.0,2,9,18,200.76,5,0.0
Feminino,Anual,Sim,Não,Boleto,Google,66.0,4,12,10,216.88,1,0.0
Masculino,Trimestral,Não,Sim,Cartão,App,66.0,4,4,23,216.72,4,0.0
Masculino,Mensal,Não,Não,Débito,Instagram,36.0,3,13,1,220.54,3,1.0
Feminino,Anual,Não,Não,Boleto,App,28.0,0,0,53,58.44,3,0.0
,Mensal,Não,Não,Débito,Instagram,55.0,7,3,53,109.72,5,0.0
Outro,Trimestral,Não,,Boleto,Instagram,41.0,4,0,42,288.89,3,0.0
Masculino,Anual,Não,Sim,Débito,Rua,55.0,2,8,37,238.37,2,0.0
Masculino,Mensal,Não,Sim,Pix,App,45.0,7,8,18,156.44,1,0.0
Feminino,Trimestral,Sim,Não,Cartão,App,39.0,4,14,30,215.41,3,0.0
,Trimestral,Não,Não,Débito,Instagram,53.0,5,4,19,,5,0.0
Masculino,Mensal,Sim,Sim,Débito,Google,56.0,0,4,45,218.9,1,0.0
Feminino,Anual,Não,Sim,Cartão,Google,61.0,4,12,38,122.41,4,0.0
Masculino,Anual,Não,Não,Cartão,App,20.0,5,4,17,203.2,3,0.0
Feminino,Trimestral,Não,Não,Boleto,Rua,31.0,0,14,28,168.47,0,1.0
Masculino,Anual,Não,Sim,Boleto,Rua,61.0,3,6,22,224.68,5,0.0
Masculino,Mensal,Não,Não,Débito,Google,57.0,4,14,46,320.47,0,1.0
Masculino,Trimestral,Não,Não,Boleto,Rua,64.0,0,5,38,184.79,5,1.0
Masculino,Trimestral,Não,Não,Cartão,Instagram,31.0,5,1,32,66.79,0,0.0
Masculino,Mensal,Não,Sim,Boleto,Instagram,67.0,5,10,55,192.19,0,0.0
Outro,Anual,Não,Não,Boleto,App,64.0,0,9,25,174.44,5,1.0
Feminino,Anual,Não,Sim,Boleto,Indicação,63.0,5,2,48,37.17,2,0.0
Feminino,Anual,Sim,Não,Pix,Google,25.0,6,4,9,133.92,5,0.0
Masculino,Trimestral,Não,Sim,Boleto,Google,33.0,1,6,36,224.09,4,1.0
Masculino,Anual,Não,Sim,Débito,Indicação,53.0,3,14,50,242.05,3,0.0
Feminino,Trimestral,Não,Sim,Cartão,Rua,32.0,4,1,37,243.08,4,1.0
Feminino,Trimestral,Não,Sim,Boleto,Instagram,56.0,1,10,1,277.85,5,1.0
Masculino,Anual,Sim,Não,Débito,Instagram,69.0,4,3,29,162.68,0,0.0
,Mensal,Sim,Sim,Pix,Google,55.0,7,0,15,121.43,5,0.0
Masculino,Trimestral,Não,Não,Boleto,Google,46.0,2,6,44,86.6,4,0.0
Masculino,Mensal,Não,Não,Boleto,Rua,41.0,2,14,46,179.77,4,1.0
Feminino,Anual,Não,Não,Pix,Rua,41.0,0,14,29,144.11,2,1.0
,Mensal,Não,Não,Débito,Google,55.0,1,10,21,128.22,5,1.0
Masculino,Mensal,Não,Não,Débito,Rua,27.0,6,13,12,,0,1.0
Feminino,Mensal,Não,,Débito,Indicação,33.0,0,1,26,156.93,1,1.0
Masculino,Trimestral,Não,Não,Débito,Instagram,49.0,0,7,45,130.48,4,0.0
Feminino,Mensal,Não,Não,Cartão,Google,50.0,6,9,31,136.64,5,
Feminino,Trimestral,Não,Não,Débito,Indicação,26.0,0,11,35,284.77,4,0.0
Masculino,Mensal,Não,Não,Pix,Indicação,68.0,2,15,14,178.49,0,0.0
Feminino,Trimestral,Sim,Não,,App,45.0,6,10,55,170.34,2,0.0
Masculino,Mensal,Não,Sim,Boleto,Google,60.0,5,15,7,228.4,5,1.0
Masculino,Mensal,Não,Sim,Boleto,App,65.0,0,0,3,,3,0.0
,Anual,Não,Não,Boleto,Indicação,26.0,6,1,53,209.01,0,1.0
Feminino,Mensal,Não,Sim,Boleto,Google,61.0,6,7,41,,5,1.0
Feminino,Mensal,Não,Não,Cartão,App,67.0,5,4,4,121.46,3,1.0
Feminino,Anual,Não,Sim,Boleto,Instagram,19.0,6,13,2,164.84,1,0.0
Masculino,Mensal,Não,Não,,Google,51.0,5,4,35,,3,1.0
Feminino,Mensal,Não,Não,Pix,App,25.0,6,10,59,113.54,4,0.0
Feminino,Mensal,Não,Não,Cartão,Rua,69.0,0,6,33,135.76,2,1.0
Masculino,Mensal,Sim,Sim,Débito,Google,49.0,0,13,37,200.89,5,1.0
Feminino,Mensal,Não,,Pix,Rua,46.0,0,3,41,115.45,5,0.0
Masculino,Anual,Não,Não,Boleto,Google,47.0,1,8,50,187.82,1,0.0
Feminino,Mensal,Não,Não,Boleto,App,65.0,4,2,13,162.88,2,0.0
Feminino,Mensal,Sim,Não,Boleto,App,43.0,1,7,51,162.12,5,0.0
Feminino,Anual,Não,Sim,Cartão,Google,58.0,3,2,51,225.09,2,0.0
Masculino,Mensal,Não,Não,Boleto,Indicação,52.0,5,14,7,281.89,5,0.0
Masculino,Mensal,Não,Não,Pix,App,47.0,7,7,58,82.38,3,0.0
Masculino,Trimestral,Não,Sim,Pix,Google,47.0,1,13,39,212.25,5,1.0
Feminino,Mensal,Não,Sim,Cartão,Google,32.0,6,15,47,299.63,2,0.0
Masculino,Mensal,Não,Sim,Boleto,Instagram,49.0,5,0,27,237.9,1,0.0
Feminino,Trimestral,Sim,Não,Boleto,Rua,50.0,6,9,49,215.72,2,0.0
Masculino,Anual,Sim,Não,Boleto,Instagram,54.0,5,12,3,71.32,1,0.0
Masculino,Mensal,Não,Não,Cartão,Rua,36.0,5,9,17,254.33,4,1.0
Masculino,Anual,Sim,Sim,Cartão,Rua,,3,6,25,279.52,5,1.0
Feminino,Mensal,Sim,Não,Boleto,Instagram,49.0,7,11,30,219.38,4,0.0
Feminino,Mensal,Sim,Sim,Pix,Indicação,49.0,2,0,55,235.83,3,0.0
Masculino,Mensal,Não,Sim,Cartão,Google,23.0,6,1,14,242.84,0,0.0
Masculino,Trimestral,Não,Não,Cartão,App,31.0,4,10,29,220.97,5,0.0
Outro,Mensal,Sim,Não,Pix,Google,,0,10,5,228.33,4,1.0
Masculino,Anual,Sim,Não,Pix,Instagram,38.0,3,11,7,82.77,5,0.0
Feminino,Anual,Não,Não,Boleto,Indicação,37.0,2,11,51,,0,0.0
Feminino,Trimestral,Não,Sim,Boleto,App,46.0,4,0,19,238.14,1,0.0
Masculino,Mensal,Não,Sim,Boleto,App,44.0,6,9,33,235.13,5,0.0
Feminino,Trimestral,Não,,Boleto,Indicação,53.0,3,2,21,201.77,0,
Outro,Anual,Não,Não,Débito,App,34.0,2,8,55,63.63,2,0.0
Feminino,Mensal,Não,Não,Cartão,App,69.0,7,0,51,41.11,1,0.0
Feminino,Mensal,Não,Não,Pix,Indicação,60.0,0,2,21,210.19,2,1.0
Feminino,Mensal,Não,Não,Débito,Instagram,,2,1,58,177.51,0,0.0
Masculino,Mensal,Não,Sim,Débito,Instagram,64.0,2,4,17,225.46,2,0.0
Masculino,Mensal,Não,Sim,Débito,App,24.0,0,11,23,161.87,1,1.0
Masculino,Anual,Não,Não,Boleto,Instagram,50.0,5,14,27,158.65,5,1.0
Feminino,Mensal,,Não,,Instagram,16.0,5,6,31,164.43,2,0.0
Masculino,Mensal,Não,Não,Boleto,App,48.0,3,14,15,152.76,0,1.0
Masculino,Anual,Não,Não,,App,32.0,2,5,40,116.48,2,1.0
Masculino,Trimestral,Não,Não,Boleto,Instagram,41.0,0,9,40,105.2,2,1.0
Masculino,Anual,Não,Não,Pix,Rua,28.0,3,4,1,209.25,3,0.0
Masculino,Mensal,,Não,Boleto,Indicação,20.0,0,12,20,217.03,1,0.0
Masculino,Trimestral,Não,Não,Cartão,Instagram,34.0,1,2,41,,3,1.0
Feminino,Mensal,Não,Sim,Boleto,Instagram,57.0,6,12,34,167.61,0,1.0
Feminino,Mensal,Não,Não,Pix,Rua,24.0,3,6,1,,4,1.0
,Trimestral,Não,Não,Débito,Google,21.0,1,11,32,207.34,0,
Masculino,Trimestral,Não,,Boleto,Google,36.0,5,8,48,209.21,0,0.0
Feminino,Mensal,Não,Não,Cartão,Indicação,64.0,6,1,22,221.46,0,1.0
Feminino,Anual,Não,Sim,Cartão,App,37.0,2,5,29,159.44,0,0.0
Masculino,Trimestral,Não,,Boleto,Instagram,,6,14,45,,3,0.0
Masculino,Trimestral,Não,Não,Débito,Rua,,6,11,59,76.92,0,0.0
Feminino,Mensal,Sim,,Pix,App,63.0,7,4,11,173.35,2,0.0
Feminino,Anual,Não,Não,,App,66.0,2,8,33,85.87,0,0.0
Masculino,Mensal,Sim,Não,,Google,20.0,7,7,38,137.65,4,0.0
Masculino,Trimestral,,Não,Débito,Instagram,37.0,2,15,1,96.47,1,1.0
Feminino,Mensal,Não,Não,,Indicação,65.0,7,8,38,261.36,3,0.0
Feminino,Anual,Não,Sim,Débito,Rua,22.0,3,6,9,103.1,3,0.0
Feminino,Anual,Sim,Não,Cartão,Instagram,41.0,6,4,13,128.25,3,0.0
Masculino,Mensal,Não,Não,Cartão,App,40.0,4,3,48,213.08,3,0.0
Masculino,Anual,Sim,,Boleto,App,20.0,3,13,53,248.36,0,1.0
Feminino,Mensal,Não,Não,Débito,Indicação,47.0,3,12,52,136.13,4,1.0
Masculino,Mensal,Não,Não,Pix,Google,23.0,4,7,24,271.33,5,0.0
Masculino,Anual,Não,Sim,Boleto,Indicação,24.0,3,1,36,162.83,0,0.0
Masculino,Mensal,Sim,Não,Débito,Indicação,69.0,5,0,20,249.69,1,0.0
Masculino,Mensal,Sim,Não,Débito,Instagram,43.0,1,2,43,182.61,1,0.0
Feminino,Trimestral,Não,Não,Cartão,Google,35.0,4,6,45,100.91,0,0.0
Feminino,Anual,Sim,Sim,Boleto,App,19.0,4,0,57,127.66,0,0.0
Masculino,Mensal,Não,Não,Boleto,Google,18.0,6,4,1,,0,0.0
Feminino,Mensal,Não,Sim,Pix,Instagram,59.0,7,13,35,243.07,4,0.0
Feminino,Mensal,Não,Não,Cartão,Instagram,56.0,1,14,43,212.89,3,1.0
Feminino,Mensal,Não,Não,Débito,Indicação,57.0,4,15,20,255.86,1,0.0
Feminino,Mensal,Não,Sim,,Instagram,26.0,6,4,40,137.9,1,0.0
Masculino,Anual,Não,,Débito,Google,63.0,4,2,1,84.57,3,1.0
Feminino,Mensal,Não,Não,Boleto,Indicação,44.0,1,10,51,216.09,5,1.0
Masculino,Trimestral,Não,Não,Cartão,Indicação,58.0,0,0,46,206.88,3,0.0
Masculino,Anual,Não,Não,Pix,Indicação,37.0,0,4,50,170.6,1,0.0
Masculino,Trimestral,Sim,Não,Débito,Google,23.0,7,7,6,149.63,1,0.0
Masculino,Mensal,Não,Não,Boleto,Indicação,61.0,5,8,41,155.2,4,0.0
Feminino,Trimestral,Não,Sim,Cartão,Rua,49.0,7,11,26,134.35,1,0.0
Feminino,Anual,Sim,Não,Pix,Rua,46.0,0,12,29,200.5,0,1.0
Feminino,Mensal,Sim,Não,Cartão,Google,,1,5,41,218.11,0,0.0
Feminino,Mensal,Sim,Sim,Débito,App,30.0,2,0,15,258.24,3,0.0
Masculino,Mensal,Sim,Sim,Pix,App,33.0,7,13,58,180.47,3,0.0
Masculino,Trimestral,Não,Não,Débito,Indicação,26.0,3,12,37,199.96,0,0.0
Feminino,Mensal,Não,Não,Boleto,Google,42.0,6,14,19,,3,1.0
Feminino,Trimestral,Sim,Sim,Pix,Indicação,34.0,4,4,56,186.5,0,0.0
Outro,Trimestral,Sim,Não,Cartão,Indicação,65.0,6,1,9,,4,1.0
Masculino,Mensal,Não,Sim,Boleto,Rua,24.0,1,0,41,131.63,3,0.0
Feminino,Trimestral,Não,Sim,Cartão,Instagram,40.0,3,12,59,264.89,2,0.0
Feminino,Mensal,Não,Não,Boleto,Google,37.0,1,2,17,131.82,5,1.0
Masculino,Trimestral,Não,Não,Cartão,Instagram,38.0,4,10,32,195.58,1,0.0
,Trimestral,Não,Não,Débito,Rua,52.0,2,9,28,190.61,0,1.0
Masculino,Trimestral,Sim,Não,Débito,Instagram,25.0,1,4,15,127.58,5,0.0
Masculino,Mensal,Não,Sim,Boleto,Rua,32.0,3,8,58,170.59,1,0.0
Feminino,Trimestral,Não,Não,Boleto,App,67.0,5,6,53,183.34,1,0.0
Feminino,Trimestral,,Não,Pix,Rua,,3,5,42,185.82,3,0.0
Feminino,Trimestral,Não,Não,Boleto,Google,19.0,4,8,28,87.32,1,1.0
Feminino,Mensal,Não,Não,Boleto,App,47.0,6,13,9,201.05,2,1.0
Masculino,Mensal,Não,Sim,Pix,Indicação,43.0,5,13,27,239.77,3,0.0
,Mensal,Não,,,Google,45.0,0,5,19,232.82,5,1.0
Masculino,Mensal,Não,Sim,Cartão,Google,61.0,4,10,7,225.45,0,0.0
Feminino,Mensal,Não,Não,Débito,Google,55.0,5,3,25,121.14,1,0.0
Feminino,Trimestral,Sim,Sim,Pix,Instagram,36.0,5,6,30,221.08,1,0.0
Feminino,Mensal,Sim,Sim,Pix,Instagram,30.0,7,12,13,89.54,4,0.0
Feminino,Mensal,Não,Não,Boleto,Indicação,18.0,4,1,2,169.01,5,0.0
Feminino,Trimestral,Não,Sim,Débito,Instagram,32.0,6,1,18,112.15,0,0.0
Feminino,Trimestral,Não,Sim,Pix,Google,30.0,0,5,53,238.73,4,0.0
Feminino,Trimestral,Não,Não,Cartão,Rua,48.0,2,12,40,185.98,0,1.0
Feminino,Anual,Não,Não,Boleto,Indicação,20.0,1,4,58,62.62,1,0.0
Masculino,Anual,Não,Não,Débito,Indicação,23.0,3,5,53,159.41,1,0.0
Masculino,Mensal,Não,Não,Boleto,Google,24.0,7,1,8,93.4,2,0.0
Masculino,Trimestral,Não,Não,Boleto,App,41.0,1,1,20,146.46,3,0.0
Feminino,Mensal,Não,,Cartão,Instagram,17.0,7,0,9,159.27,2,0.0
Feminino,Mensal,Não,Sim,Cartão,App,52.0,1,1,13,219.11,0,1.0
Masculino,Anual,Não,Sim,Cartão,Google,51.0,3,13,52,234.08,0,
Feminino,Trimestral,Não,Não,Pix,App,27.0,0,10,21,94.62,0,0.0
Feminino,Trimestral,,Sim,Débito,Google,34.0,3,9,28,162.27,5,0.0
Masculino,Anual,Não,Sim,Pix,Instagram,42.0,6,6,44,156.18,0,0.0
Feminino,Mensal,Sim,Não,Boleto,Instagram,39.0,0,1,7,103.1,3,0.0
Feminino,Mensal,Não,Não,Débito,Indicação,17.0,7,2,57,163.02,1,0.0
Masculino,Mensal,Não,Sim,Débito,App,31.0,0,10,31,231.97,2,1.0
Masculino,Mensal,Não,Não,Boleto,App,17.0,4,12,53,,1,0.0
Masculino,Mensal,Não,Sim,Boleto,App,36.0,6,5,23,231.41,5,0.0
Feminino,Anual,Não,Não,Pix,App,25.0,2,5,13,97.5,4,1.0
Masculino,Anual,Não,Sim,Cartão,Rua,57.0,5,9,45,274.83,2,0.0
Feminino,Trimestral,Sim,Sim,,Indicação,32.0,4,10,36,178.02,5,0.0
Feminino,Anual,Não,Sim,Boleto,Indicação,27.0,7,8,2,134.63,0,0.0
Masculino,Mensal,Não,Não,Cartão,Rua,22.0,2,11,34,217.61,0,0.0
Feminino,Trimestral,Não,Sim,Débito,App,24.0,0,10,5,328.74,4,1.0
Outro,Mensal,Não,Não,Pix,Rua,61.0,5,11,2,261.18,2,1.0
Masculino,Mensal,Não,,Cartão,App,65.0,5,14,47,176.27,3,1.0
Feminino,Mensal,Sim,Não,Boleto,Rua,25.0,4,14,34,257.48,3,0.0
Feminino,Trimestral,Não,Não,Boleto,Indicação,31.0,1,1,2,316.65,0,0.0
Masculino,Mensal,Não,Não,Cartão,Rua,16.0,3,14,20,157.42,0,1.0
Masculino,Mensal,Sim,Não,Boleto,Google,24.0,3,6,8,189.82,0,0.0
Feminino,Trimestral,Não,Não,Boleto,App,28.0,3,0,23,130.8,5,0.0
Feminino,Trimestral,Sim,Sim,Débito,Rua,,7,5,37,156.79,4,0.0
Masculino,Mensal,Não,Sim,Pix,App,31.0,2,8,16,163.28,4,0.0
Masculino,Mensal,Não,Não,Pix,Instagram,49.0,3,7,55,153.54,1,0.0
Feminino,Anual,Não,,Cartão,App,56.0,2,5,22,250.63,4,1.0
Masculino,Mensal,Não,Não,Débito,Rua,45.0,2,12,56,67.18,2,1.0
Feminino,Trimestral,Sim,Não,Débito,App,28.0,6,5,46,181.54,4,0.0
Feminino,Mensal,Sim,Sim,Débito,Google,23.0,5,5,8,176.53,2,1.0
Masculino,Trimestral,Não,Não,Débito,Google,26.0,2,15,55,151.73,3,1.0
Masculino,Trimestral,Sim,Sim,Boleto,Rua,64.0,1,14,53,229.47,1,0.0
,Anual,Não,Não,Cartão,Rua,67.0,7,7,54,227.92,4,0.0
,Mensal,Não,Sim,Pix,App,46.0,5,12,43,182.79,3,0.0
Feminino,Mensal,,Não,Pix,Indicação,58.0,0,1,43,,2,
Feminino,Anual,Não,Não,Débito,Google,26.0,1,10,26,177.04,1,1.0
Feminino,Mensal,Sim,Sim,Pix,Google,63.0,0,8,40,217.39,3,1.0
Masculino,Anual,Não,Não,Cartão,Instagram,22.0,1,15,23,274.48,2,1.0
Feminino,Anual,Sim,Não,Pix,Instagram,69.0,2,9,16,243.98,1,0.0
Masculino,Trimestral,Não,Não,Boleto,Indicação,,0,7,21,314.19,0,0.0
Feminino,Anual,Não,Não,Débito,Google,38.0,5,1,58,230.48,4,0.0
,Trimestral,Não,Sim,Pix,Rua,47.0,3,13,40,69.8,0,0.0
Masculino,Trimestral,Não,Sim,Cartão,Google,30.0,1,10,52,218.62,0,0.0
Masculino,Trimestral,Não,Não,Pix,Rua,33.0,0,7,29,135.68,0,0.0
,Trimestral,Não,Sim,Cartão,Rua,43.0,3,0,54,258.72,3,0.0
Masculino,Trimestral,Não,Não,Boleto,Indicação,29.0,4,5,20,163.6,0,0.0
Masculino,Anual,Sim,Não,,Google,28.0,6,5,12,100.47,5,0.0
Masculino,Trimestral,Não,Não,Débito,App,49.0,2,8,37,200.29,0,0.0
Masculino,Trimestral,Não,Não,Cartão,Google,35.0,1,8,26,163.38,3,0.0
Feminino,Trimestral,Não,Não,Boleto,Google,69.0,1,4,3,205.45,4,1.0
Feminino,Mensal,Não,Não,Débito,Instagram,39.0,5,0,18,201.07,5,0.0
Masculino,Mensal,Sim,Sim,Boleto,Indicação,43.0,5,11,59,201.72,1,0.0
Feminino,Mensal,Não,Não,Pix,App,26.0,4,13,1,202.46,1,1.0
Masculino,Mensal,,,Boleto,App,66.0,0,10,19,232.35,4,1.0
Masculino,Anual,Sim,Não,Boleto,App,43.0,1,0,13,190.6,3,0.0
Masculino,Trimestral,Não,Sim,Cartão,Rua,37.0,1,6,43,172.59,0,0.0
Masculino,Anual,Não,Não,Cartão,Indicação,45.0,6,10,33,,1,0.0
Feminino,Mensal,Não,Sim,Débito,Instagram,53.0,1,10,30,158.62,4,1.0
Feminino,Trimestral,Sim,Sim,Débito,Rua,32.0,6,3,22,163.78,4,0.0
Masculino,Mensal,,Não,Cartão,App,37.0,6,8,27,231.66,0,0.0
Feminino,Mensal,Não,Sim,Pix,Rua,16.0,1,2,50,259.86,4,0.0
Feminino,Anual,Não,Não,Boleto,Rua,35.0,4,14,51,227.81,3,0.0
Masculino,Mensal,Não,Não,Pix,App,20.0,6,5,13,198.61,3,0.0
Feminino,Mensal,Não,Sim,Pix,App,48.0,2,8,8,185.7,5,0.0
Masculino,Mensal,Não,Não,Débito,Instagram,60.0,1,3,53,194.43,1,0.0
Feminino,Anual,Não,,Cartão,Indicação,16.0,4,4,50,195.08,2,0.0
Feminino,Trimestral,Não,Não,Boleto,Google,,3,4,2,144.59,4,0.0
Feminino,Mensal,Não,Não,Pix,Google,,6,12,51,137.07,3,0.0
Masculino,Mensal,Não,Sim,,Google,47.0,1,40,19,185.4,0,0.0
,Mensal,Não,Sim,Pix,Instagram,69.0,0,1,24,129.0,0,0.0
Masculino,Mensal,Não,Não,Pix,Rua,41.0,4,10,5,132.77,2,0.0
Masculino,Anual,Não,Não,Cartão,App,60.0,0,1,8,139.56,2,0.0
Feminino,Anual,Não,Sim,Pix,Indicação,57.0,2,15,20,251.27,2,1.0
Feminino,Anual,Não,Não,Débito,Google,63.0,3,14,57,269.77,0,0.0
Feminino,Anual,,Não,Cartão,Indicação,21.0,0,0,35,180.21,4,0.0
Masculino,Anual,,Não,Boleto,Indicação,68.0,6,40,2,183.8,3,1.0
Masculino,Anual,Sim,Não,Pix,App,69.0,1,12,6,223.43,0,0.0
Feminino,Anual,,Sim,Cartão,Instagram,45.0,4,0,59,126.35,3,0.0
Masculino,Anual,Não,Não,Cartão,App,55.0,6,3,16,187.34,2,0.0
Feminino,Trimestral,Não,Não,Pix,Instagram,38.0,3,2,47,299.1,5,0.0
Feminino,Mensal,Não,Não,Cartão,Rua,,4,3,36,176.37,1,
Feminino,Trimestral,Não,Não,Pix,Indicação,40.0,7,15,2,173.78,4,0.0
Feminino,Trimestral,Não,Não,Débito,Google,40.0,6,10,14,175.02,5,0.0
Masculino,Trimestral,,Não,Débito,Indicação,28.0,5,11,38,165.91,2,1.0
Feminino,Trimestral,Não,Sim,Cartão,App,40.0,6,14,52,205.71,2,0.0
,Trimestral,Não,Não,Débito,Instagram,32.0,3,11,26,198.44,3,1.0
Feminino,Mensal,Sim,Não,Cartão,Rua,59.0,7,5,59,57.4,0,
Feminino,Mensal,Não,Não,Débito,Rua,42.0,5,10,20,214.91,1,1.0
Feminino,Anual,Não,Sim,Boleto,Instagram,26.0,0,0,29,122.26,4,0.0
Masculino,Trimestral,Não,Sim,Pix,Instagram,21.0,2,7,58,220.21,1,0.0
Feminino,Mensal,Não,Não,Boleto,Instagram,30.0,5,7,4,182.15,2,1.0
Masculino,Anual,Não,Não,Cartão,Rua,52.0,4,6,20,188.48,1,0.0
Feminino,Mensal,Não,Sim,Pix,Indicação,47.0,1,15,24,192.92,4,1.0
Feminino,Mensal,Não,Não,Boleto,Indicação,63.0,7,11,1,147.65,2,1.0
Masculino,Mensal,Não,Não,Pix,Rua,39.0,4,14,25,144.38,4,1.0
Feminino,Anual,Não,Sim,Débito,Google,26.0,5,10,14,224.87,1,1.0
Masculino,Trimestral,Não,Não,Pix,App,57.0,2,15,35,148.91,5,1.0
,Trimestral,Não,Não,,Rua,44.0,5,10,53,116.51,2,0.0
Masculino,Anual,Não,Sim,Boleto,Google,23.0,0,3,21,208.95,2,1.0
Feminino,Anual,Não,Sim,Boleto,App,52.0,1,7,36,206.1,5,1.0
Masculino,Trimestral,Não,Sim,Cartão,Indicação,25.0,1,15,52,177.71,4,0.0
Masculino,Anual,Não,Não,Boleto,Instagram,25.0,6,8,23,193.02,0,0.0
Masculino,Trimestral,Não,Não,Boleto,App,16.0,0,14,46,186.96,2,0.0
Masculino,Trimestral,Sim,Não,Cartão,Instagram,60.0,4,4,20,216.64,4,0.0
Masculino,Mensal,Não,Não,Débito,Google,67.0,7,5,26,230.28,4,0.0
Feminino,Mensal,Não,Não,Boleto,Rua,38.0,1,9,51,211.38,4,1.0
Feminino,Mensal,Não,Sim,Pix,Rua,33.0,4,7,27,233.77,0,0.0
Outro,Anual,Não,Sim,Débito,Instagram,38.0,4,4,41,277.37,5,0.0
Masculino,Mensal,Não,Sim,Débito,App,20.0,0,11,14,207.81,5,1.0
Feminino,Mensal,Não,Não,Pix,App,,2,3,36,176.65,3,0.0
Masculino,Mensal,Não,Não,Pix,Google,53.0,6,15,4,86.06,5,0.0
Masculino,Trimestral,Sim,Não,,Rua,,2,15,26,101.89,2,1.0
Masculino,Mensal,Não,Sim,Boleto,Instagram,46.0,4,7,44,202.41,1,0.0
Masculino,Anual,Sim,Não,Pix,Indicação,68.0,6,13,40,164.68,4,0.0
Masculino,Anual,Sim,Sim,Cartão,Rua,57.0,0,14,16,150.57,1,1.0
Feminino,Anual,Não,Não,Cartão,Rua,54.0,2,2,43,214.3,4,0.0
Feminino,Trimestral,Não,Sim,Débito,Google,35.0,5,14,39,222.79,4,0.0
Outro,Anual,Não,Não,Cartão,Rua,44.0,4,5,20,200.15,5,0.0
Feminino,Mensal,Não,Não,Cartão,Google,63.0,7,8,46,156.43,2,0.0
Feminino,Trimestral,Não,Não,Cartão,Google,48.0,1,5,24,298.5,0,0.0
Feminino,Mensal,Não,Sim,Débito,Indicação,54.0,1,13,10,175.2,0,
Feminino,Anual,Não,Não,Pix,App,47.0,5,8,2,,1,1.0
Feminino,Mensal,Não,Não,Cartão,Rua,40.0,3,7,45,166.81,3,0.0
Masculino,Trimestral,Não,Sim,Boleto,Google,59.0,3,15,9,117.02,0,1.0
Feminino,Anual,,Não,Débito,Google,42.0,3,11,18,184.86,0,1.0
Masculino,Trimestral,Não,,Pix,App,38.0,2,8,42,329.56,5,1.0
Feminino,Mensal,Sim,Sim,Cartão,App,62.0,6,9,46,238.78,3,1.0
Feminino,Trimestral,Sim,Sim,Débito,Google,17.0,5,13,30,,0,0.0
Feminino,Anual,Sim,Sim,Pix,Rua,65.0,7,8,3,214.02,2,0.0
Feminino,Mensal,Não,Não,Pix,Rua,19.0,1,7,29,,2,0.0
Feminino,Trimestral,Não,Sim,Boleto,Rua,40.0,1,8,54,221.61,1,0.0
,Anual,Não,Sim,Cartão,App,60.0,7,13,7,296.51,5,0.0
Masculino,Anual,Não,Não,Boleto,Rua,38.0,2,6,25,148.29,1,1.0
Masculino,Mensal,Não,Não,Débito,Rua,56.0,1,6,24,196.38,1,1.0
Feminino,Mensal,Não,Sim,Cartão,Rua,51.0,1,10,43,203.03,5,0.0
Masculino,Mensal,Não,Não,Débito,App,56.0,4,3,6,157.28,2,0.0
Feminino,Trimestral,Sim,Não,Débito,Instagram,38.0,7,15,15,154.45,1,1.0
Masculino,Anual,Não,Sim,Cartão,Instagram,48.0,1,15,15,190.71,1,0.0
Feminino,Anual,Não,Sim,Pix,Rua,,7,15,40,141.93,2,0.0
Masculino,Anual,Não,Sim,Débito,Instagram,23.0,4,0,27,241.92,5,0.0
Masculino,Trimestral,,Sim,Débito,Rua,48.0,3,14,59,170.17,3,1.0
Masculino,Trimestral,Não,Não,Cartão,App,44.0,0,6,21,172.55,1,0.0
Feminino,Mensal,,Não,Pix,Rua,63.0,4,7,58,123.97,0,0.0
Masculino,Mensal,Não,Não,,Indicação,30.0,6,11,58,130.87,2,0.0
Feminino,Anual,Não,Não,Cartão,Google,30.0,5,8,45,151.02,3,0.0
Masculino,Trimestral,Sim,Não,Débito,App,52.0,1,0,32,151.18,0,0.0
Feminino,Trimestral,Não,Sim,Cartão,Indicação,34.0,7,8,32,118.55,0,0.0
Feminino,Mensal,Não,Sim,Boleto,Indicação,58.0,3,14,12,230.9,4,1.0
,Mensal,Não,Não,Boleto,Google,66.0,0,6,44,266.4,3,1.0
Masculino,Trimestral,Não,Não,Débito,Indicação,36.0,0,6,9,170.9,4,1.0
Feminino,Anual,Não,Sim,Pix,Google,50.0,7,2,20,126.1,2,0.0
Masculino,Mensal,Sim,Sim,Boleto,Rua,41.0,3,0,49,130.46,3,0.0
Masculino,Mensal,Sim,Não,Cartão,App,69.0,3,15,15,193.26,4,1.0
Masculino,Trimestral,Não,Não,Pix,App,43.0,0,6,13,186.43,2,0.0
Masculino,Mensal,Não,Não,Boleto,App,37.0,7,12,46,86.99,1,1.0
Feminino,Mensal,Não,Não,Cartão,Google,51.0,0,15,8,54.12,0,1.0
Feminino,Mensal,Não,Não,,Google,68.0,1,9,21,185.83,2,1.0
Masculino,Trimestral,Não,Sim,Débito,Indicação,31.0,5,7,45,224.05,3,0.0
Masculino,Trimestral,Não,Não,Débito,App,27.0,4,5,25,252.26,0,0.0
Masculino,Anual,Não,Sim,Cartão,Indicação,43.0,4,13,35,143.13,0,
Masculino,Trimestral,Não,Sim,Débito,Rua,22.0,0,6,57,248.5,2,1.0
Masculino,Trimestral,Não,,Débito,Indicação,48.0,0,8,40,,1,0.0
Masculino,Mensal,Não,Sim,Boleto,App,39.0,6,7,30,110.21,2,0.0
,Trimestral,Não,Não,Pix,Google,26.0,5,13,31,289.08,5,0.0
Feminino,Trimestral,Não,Não,Boleto,Indicação,30.0,5,4,6,83.13,4,0.0
Masculino,Mensal,Não,Não,Pix,Indicação,34.0,2,11,11,170.03,4,1.0
Feminino,Trimestral,Sim,Sim,Boleto,Google,,7,10,42,141.65,5,0.0
Masculino,Mensal,Não,Não,Cartão,Google,24.0,0,3,58,,4,0.0
Feminino,Trimestral,Não,Não,Débito,App,28.0,4,10,59,237.5,5,0.0
Masculino,Trimestral,Não,Não,Boleto,Rua,65.0,7,3,8,71.58,3,0.0
Feminino,Trimestral,Não,,Pix,App,44.0,1,3,8,,2,1.0
Masculino,Anual,Não,Não,Débito,Indicação,41.0,2,1,55,237.47,0,0.0
Feminino,Anual,Sim,Não,Débito,App,38.0,4,9,39,129.06,3,
Masculino,Anual,Não,Não,Boleto,App,32.0,1,9,51,87.57,4,0.0
Masculino,Anual,Não,Sim,Débito,Google,20.0,5,6,55,154.02,3,0.0
,Mensal,Não,Não,Pix,Rua,31.0,5,7,12,144.28,0,1.0
Feminino,Mensal,Não,Sim,Boleto,Rua,54.0,2,11,3,227.66,3,1.0
Masculino,Mensal,,Não,Pix,App,45.0,2,6,43,184.78,1,0.0
Masculino,Mensal,Não,Não,Cartão,Google,36.0,2,15,45,136.68,4,1.0
Masculino,Mensal,Sim,Não,Cartão,Google,20.0,2,13,16,238.4,2,
Masculino,Anual,Não,Não,Débito,Indicação,69.0,2,14,41,180.23,5,1.0
Masculino,Trimestral,Sim,Não,,Instagram,41.0,2,10,27,97.73,4,0.0
,Trimestral,Sim,Sim,Pix,Indicação,58.0,3,15,16,140.57,4,0.0
Feminino,Mensal,Sim,Sim,Cartão,Indicação,63.0,5,9,5,149.93,2,0.0
Feminino,Trimestral,Sim,Não,Pix,Indicação,45.0,1,15,59,298.94,2,0.0
Feminino,Anual,Não,Não,Débito,Instagram,37.0,7,7,40,169.77,0,0.0
Feminino,Mensal,Não,,Pix,Google,60.0,4,10,12,103.38,0,1.0
Feminino,Anual,Não,Não,Débito,Google,17.0,7,10,3,171.35,1,0.0
Feminino,Mensal,Não,Não,Cartão,Rua,59.0,0,8,35,221.82,3,0.0
Feminino,Anual,Não,Não,Boleto,Rua,27.0,4,7,45,175.67,3,1.0
Feminino,Mensal,Sim,Sim,Pix,App,57.0,3,4,3,245.37,3,1.0
Feminino,Trimestral,Não,Não,Débito,App,42.0,3,3,31,225.61,5,0.0
Feminino,Anual,Não,Não,,App,41.0,6,4,24,221.11,4,0.0
Masculino,Trimestral,Não,Não,Boleto,Rua,60.0,7,11,41,220.86,4,1.0
Feminino,Trimestral,Não,Não,Cartão,Rua,59.0,2,10,29,256.92,2,1.0
Masculino,Trimestral,Não,Não,Débito,Indicação,,7,14,55,,5,0.0
Feminino,Mensal,Não,Não,Pix,Google,34.0,3,12,33,114.39,1,0.0
,Mensal,Não,Não,Boleto,Rua,,4,0,38,115.21,1,1.0
Feminino,Mensal,Não,Não,Débito,Instagram,42.0,3,4,51,215.62,3,1.0
Feminino,Mensal,Não,Não,Débito,Indicação,63.0,4,5,16,126.49,2,0.0
Feminino,Anual,Sim,Não,Boleto,Instagram,32.0,2,12,33,,3,1.0
Feminino,Anual,Não,Sim,Cartão,Instagram,21.0,7,8,10,233.37,4,0.0
Feminino,Mensal,Não,Sim,Débito,Google,38.0,2,8,30,154.64,2,0.0
Masculino,Anual,Não,Sim,Cartão,Instagram,33.0,7,9,34,223.2,5,0.0
Feminino,Mensal,Não,Não,Boleto,Instagram,58.0,3,13,35,216.13,3,1.0
Feminino,Mensal,Sim,Sim,Boleto,Instagram,59.0,5,11,7,181.82,1,0.0
Masculino,Anual,Sim,Não,Cartão,Instagram,64.0,7,2,6,232.34,0,0.0
Masculino,Mensal,Não,Não,Cartão,Indicação,17.0,0,12,15,210.39,5,1.0
Masculino,Mensal,Não,Não,Cartão,Indicação,60.0,2,12,32,232.18,4,1.0
Feminino,Trimestral,Sim,,Pix,Google,34.0,1,10,2,97.06,3,0.0
Masculino,Anual,Não,Sim,Cartão,Google,66.0,1,7,32,170.46,2,0.0
Masculino,Trimestral,Não,Não,Cartão,Instagram,19.0,6,7,28,96.99,2,0.0
Feminino,Mensal,Não,Não,Cartão,App,48.0,2,8,21,160.27,3,1.0
Masculino,Mensal,Não,Não,Pix,Instagram,49.0,5,14,17,119.56,5,1.0
Feminino,Trimestral,Não,Não,Débito,Instagram,47.0,7,0,19,120.58,1,0.0
,Trimestral,Sim,Sim,Pix,Google,33.0,5,4,14,182.88,3,0.0
Feminino,Anual,Não,Sim,Débito,Rua,59.0,3,4,49,276.67,4,0.0
Feminino,Anual,Não,Não,Cartão,Google,24.0,2,6,51,200.16,2,1.0
Feminino,Anual,Não,Não,Cartão,Indicação,52.0,7,10,34,,4,1.0
Feminino,Trimestral,Não,Sim,Pix,Google,63.0,3,7,48,94.72,5,1.0
,Mensal,Não,Não,,Rua,51.0,7,10,20,282.63,5,0.0
Feminino,Trimestral,Não,Sim,Boleto,Instagram,67.0,4,6,21,192.62,0,0.0
Masculino,Trimestral,Sim,Não,Pix,Rua,18.0,7,14,48,246.69,1,0.0
Masculino,Mensal,Não,Não,Pix,Google,33.0,0,5,3,153.84,3,1.0
Masculino,Trimestral,Não,Não,Cartão,App,55.0,7,3,58,,3,0.0
Feminino,Mensal,Não,Não,Cartão,Indicação,69.0,7,14,14,95.2,1,0.0
Masculino,Anual,Não,,Cartão,Rua,40.0,0,8,21,199.35,2,0.0
Feminino,Mensal,Não,Não,Pix,Google,17.0,7,1,27,224.04,3,0.0
Feminino,Anual,Não,Sim,Boleto,Instagram,59.0,7,5,7,280.55,1,0.0
Feminino,Mensal,Sim,Sim,Cartão,Google,16.0,4,15,42,302.16,3,0.0
Masculino,Anual,Não,Sim,Boleto,Instagram,39.0,4,9,29,229.18,2,0.0
Feminino,Mensal,Não,Sim,Boleto,App,39.0,4,5,9,108.89,1,0.0
Feminino,Anual,Não,Não,Pix,Indicação,68.0,0,15,40,151.23,2,
Masculino,Mensal,Não,Não,Pix,Rua,65.0,7,10,15,152.44,3,1.0
Masculino,Trimestral,Não,Sim,Cartão,Google,57.0,7,3,44,253.03,1,0.0
Masculino,Mensal,Não,Não,Débito,Google,68.0,2,12,28,179.31,0,0.0
,Trimestral,Não,Não,Pix,Rua,,7,2,38,197.63,3,0.0
Feminino,Anual,Não,Não,Boleto,Instagram,,20,10,15,301.73,1,1.0
,Anual,,Não,Pix,Indicação,65.0,5,13,15,173.16,0,0.0
Masculino,Mensal,Não,Não,Pix,App,50.0,5,2,30,119.12,1,0.0
Feminino,Trimestral,Não,Não,Boleto,Rua,50.0,3,1,57,211.77,4,0.0
Feminino,Anual,Não,Sim,Pix,Indicação,27.0,1,2,32,125.79,4,1.0
,Trimestral,Não,Não,Pix,Google,66.0,3,3,40,134.02,1,0.0
Masculino,Mensal,Não,Não,Cartão,Indicação,64.0,0,9,12,178.7,1,0.0
Masculino,Mensal,Não,Não,Boleto,App,38.0,7,3,20,313.51,4,1.0
Masculino,Trimestral,Não,Não,Débito,Indicação,64.0,2,13,27,161.02,3,0.0
Feminino,Mensal,Não,Não,Débito,Google,37.0,7,9,2,217.6,4,0.0
Feminino,Trimestral,Não,Não,Débito,App,41.0,1,13,41,166.22,4,1.0
Masculino,Trimestral,Não,Não,Pix,App,19.0,4,14,22,189.98,5,0.0
Masculino,Mensal,Não,Não,Boleto,App,22.0,4,6,26,263.36,4,1.0
Feminino,Trimestral,Não,Não,Débito,Google,38.0,4,3,40,224.99,2,0.0
Masculino,Anual,Não,Não,Pix,Instagram,46.0,6,8,8,182.19,3,0.0
Masculino,Mensal,Não,Não,Débito,Google,22.0,6,7,36,164.39,2,0.0
Masculino,Mensal,Não,Não,Cartão,Instagram,37.0,6,0,26,271.49,3,1.0
Masculino,Trimestral,Não,Sim,Pix,Instagram,54.0,5,9,37,,2,0.0
Masculino,Mensal,Não,Não,Débito,Google,55.0,1,0,17,185.43,5,0.0
Masculino,Anual,Não,Sim,Pix,Indicação,34.0,6,12,57,233.23,2,0.0
Feminino,Anual,Não,Não,Boleto,Google,68.0,7,5,7,246.18,1,0.0
Outro,Anual,Não,Sim,Pix,App,45.0,6,3,1,136.91,4,0.0
Masculino,Mensal,Não,Não,Boleto,Indicação,41.0,2,9,27,169.87,5,1.0
,Trimestral,,Não,Débito,Rua,56.0,2,5,42,,5,0.0
Masculino,Anual,Não,Não,Cartão,Rua,37.0,4,8,26,197.63,1,0.0
Masculino,Mensal,Não,Não,Débito,Rua,24.0,1,9,32,143.24,1,1.0
Feminino,Mensal,Sim,Não,,App,61.0,4,15,14,144.43,1,0.0
Masculino,Mensal,Não,Não,Boleto,App,,3,4,19,228.12,0,0.0
Masculino,Anual,Não,Sim,,Instagram,47.0,3,7,9,124.26,5,0.0
Feminino,Trimestral,Não,Não,Pix,App,68.0,1,1,43,158.25,3,0.0
Feminino,Trimestral,,Não,Boleto,Instagram,,3,7,59,130.54,1,0.0
Masculino,Trimestral,Não,Sim,Cartão,Rua,46.0,0,7,44,211.81,1,0.0
Masculino,Trimestral,Não,Não,Pix,Google,47.0,0,1,1,249.89,0,
Feminino,Mensal,Não,Sim,Cartão,Google,24.0,0,6,54,30.27,0,1.0
Masculino,Trimestral,Não,Não,Débito,App,45.0,3,7,21,,4,1.0
Masculino,Trimestral,Sim,Sim,Cartão,Rua,52.0,2,6,20,159.02,1,0.0
Feminino,Trimestral,Não,Não,Débito,Rua,47.0,0,5,49,233.57,3,0.0
Masculino,Trimestral,Não,Não,Pix,Instagram,23.0,4,2,55,95.19,1,0.0
Feminino,Trimestral,Não,Sim,Pix,Instagram,39.0,6,10,33,224.53,4,1.0
Feminino,Anual,Sim,Não,Boleto,Rua,19.0,2,10,33,268.1,5,0.0
Masculino,Trimestral,Não,Não,Pix,App,67.0,1,2,18,185.83,1,0.0
Feminino,Trimestral,Não,Não,Débito,App,61.0,3,7,41,203.9,0,0.0
Feminino,Anual,Não,Não,,Rua,,20,3,17,176.98,0,0.0
Masculino,Anual,Sim,Não,,Google,36.0,1,12,56,87.21,4,0.0
,Trimestral,,Não,Cartão,Google,63.0,3,14,13,150.9,4,1.0
Feminino,Mensal,Não,Sim,Boleto,Instagram,24.0,5,9,49,236.17,0,0.0
Feminino,Mensal,Sim,Não,Débito,Rua,20.0,3,7,43,230.45,0,0.0
,Mensal,,Não,Débito,Google,20.0,4,14,49,221.93,1,1.0
Masculino,Mensal,Sim,Não,Pix,App,45.0,5,13,9,170.91,4,1.0
Feminino,Trimestral,Não,Não,Boleto,Indicação,21.0,3,12,56,219.91,5,0.0
Feminino,Anual,Não,Não,Débito,Indicação,53.0,3,9,46,183.39,1,0.0
Feminino,Trimestral,Não,Sim,Pix,Rua,23.0,7,5,1,77.46,0,0.0
Feminino,Mensal,Não,Sim,Cartão,Instagram,63.0,6,2,23,126.94,3,1.0
Masculino,Mensal,Não,Não,Boleto,Indicação,61.0,3,11,40,142.2,4,0.0
Outro,Trimestral,Sim,Sim,Boleto,App,48.0,2,9,34,,1,0.0
Masculino,Trimestral,Não,Sim,Boleto,App,63.0,0,1,36,174.78,4,0.0
Feminino,Anual,Não,Não,Boleto,App,30.0,5,0,50,224.64,3,0.0
Masculino,Anual,Não,Não,Débito,Indicação,52.0,4,11,45,290.23,5,1.0
Feminino,Anual,Não,Não,Cartão,Google,,2,3,14,141.84,2,0.0
Feminino,Trimestral,Não,Não,Pix,App,18.0,4,7,54,,0,0.0
Feminino,Trimestral,Não,Sim,Débito,Instagram,46.0,2,3,21,235.37,3,1.0
Feminino,Mensal,Sim,Não,Débito,Rua,54.0,6,7,43,141.23,2,0.0
Feminino,Mensal,Não,Não,Boleto,Rua,22.0,3,12,43,247.29,1,0.0
Masculino,Mensal,Sim,Sim,Débito,Rua,31.0,6,15,21,181.48,3,1.0
Masculino,Mensal,Não,,Cartão,Google,43.0,7,7,28,160.54,2,0.0
Feminino,Mensal,Não,Sim,Débito,Rua,50.0,5,10,32,166.37,3,1.0
Feminino,Anual,Não,Sim,,Rua,30.0,3,0,30,285.0,2,0.0
Masculino,Trimestral,Sim,Sim,Pix,Indicação,22.0,7,12,40,176.24,1,0.0
Masculino,Anual,Não,Não,Débito,Google,50.0,7,15,12,103.81,1,0.0
Feminino,Anual,Não,Não,Cartão,Google,63.0,7,5,29,290.16,1,0.0
Masculino,Anual,,Não,,Indicação,46.0,5,10,1,227.23,1,0.0
,Anual,Não,Sim,Boleto,Instagram,53.0,5,14,26,193.21,1,1.0
Masculino,Trimestral,Não,Sim,Cartão,Rua,23.0,5,9,16,5.95,5,0.0
Feminino,Mensal,Sim,Não,Boleto,Instagram,63.0,6,7,18,141.48,2,0.0
Feminino,Trimestral,Não,Sim,Boleto,Indicação,53.0,2,7,33,175.47,1,0.0
Feminino,Anual,Não,Sim,Débito,Indicação,31.0,7,0,52,101.05,3,0.0
Masculino,Anual,Sim,Não,Cartão,Indicação,49.0,3,7,50,151.43,3,0.0
Feminino,Anual,Não,Não,Pix,Indicação,16.0,6,12,42,118.06,1,0.0
Masculino,Trimestral,Sim,Não,Débito,App,34.0,7,8,43,198.71,3,0.0
Feminino,Trimestral,Não,Não,Cartão,Indicação,29.0,5,10,23,230.12,1,0.0
Masculino,Anual,Sim,Não,Débito,Instagram,34.0,0,13,48,226.07,5,0.0
Feminino,Anual,Não,Não,Cartão,Indicação,38.0,7,5,5,225.73,3,0.0
Feminino,Trimestral,Não,Não,Boleto,Instagram,19.0,4,12,21,140.25,4,0.0
,Trimestral,Não,Sim,Pix,Indicação,-5.0,5,6,1,283.27,0,0.0
Outro,Anual,Sim,,Débito,Indicação,17.0,3,5,31,196.06,3,0.0
Masculino,Mensal,Não,Sim,Boleto,App,27.0,5,4,18,62.0,3,0.0
Feminino,Anual,Não,Sim,Cartão,Indicação,38.0,5,0,21,213.81,5,0.0
Masculino,Mensal,Não,Sim,Débito,Rua,58.0,1,1,7,131.09,0,0.0
Masculino,Trimestral,Não,Não,Pix,App,68.0,2,9,1,165.44,4,1.0
Feminino,Trimestral,Sim,Não,Pix,App,33.0,7,1,23,195.84,0,0.0
Masculino,Trimestral,Não,Não,Débito,Rua,47.0,5,10,27,203.98,3,0.0
Masculino,Mensal,Não,Sim,Boleto,App,66.0,2,8,2,243.85,1,0.0
Masculino,Mensal,Não,Sim,,Indicação,32.0,7,15,34,191.89,4,1.0
Feminino,Anual,Não,Não,Débito,Rua,46.0,5,5,57,259.6,3,0.0
Masculino,Mensal,Não,Não,Débito,Indicação,51.0,3,2,16,155.35,1,1.0
Feminino,Mensal,Sim,Não,Débito,App,41.0,6,2,40,244.54,1,1.0
Feminino,Anual,Não,Sim,Cartão,Google,27.0,6,13,10,,5,0.0
Masculino,Mensal,Sim,Não,Pix,Rua,50.0,7,9,20,101.93,4,1.0
Masculino,Anual,Não,Não,Débito,Instagram,31.0,7,9,48,209.81,3,0.0
Feminino,Mensal,Não,Sim,Cartão,App,19.0,2,1,37,107.08,2,0.0
Feminino,Anual,Não,Não,,Google,43.0,1,6,25,233.37,1,1.0
Feminino,Trimestral,Sim,Sim,Cartão,App,53.0,2,13,4,203.96,5,0.0
Feminino,Anual,Não,Sim,Boleto,Indicação,48.0,1,0,32,240.99,0,0.0
Masculino,Mensal,Sim,Não,Boleto,Indicação,52.0,2,0,58,,2,0.0
Feminino,Mensal,Não,Não,Débito,Indicação,25.0,2,13,45,247.41,5,1.0
Masculino,Anual,Não,Não,Boleto,Google,46.0,1,9,28,244.6,0,1.0
Masculino,Trimestral,Sim,Não,Pix,Indicação,29.0,4,2,40,194.04,4,0.0
,Anual,Não,Não,,App,20.0,5,0,13,175.2,5,0.0
Feminino,Mensal,Não,Sim,Débito,App,25.0,0,12,5,247.39,1,0.0
Feminino,Trimestral,Não,Sim,Débito,App,40.0,5,10,17,287.34,1,0.0
Outro,Mensal,Não,Não,Pix,Rua,56.0,6,13,47,164.48,4,1.0
Feminino,Mensal,Não,Não,Débito,App,60.0,1,15,7,248.17,1,1.0
Outro,Trimestral,Não,Não,Débito,Indicação,32.0,0,2,10,166.93,5,1.0
Masculino,Anual,Não,Não,Débito,Rua,66.0,6,14,27,159.7,2,1.0
Feminino,Mensal,Sim,Sim,Boleto,Rua,35.0,5,11,59,216.78,5,1.0
Masculino,Mensal,Não,Não,Débito,Rua,48.0,5,8,35,228.88,2,0.0
Feminino,Mensal,Sim,Não,Débito,Rua,,2,6,23,215.39,5,1.0
Masculino,Anual,Sim,Sim,Cartão,Google,65.0,4,12,56,189.84,4,1.0
Masculino,Trimestral,Não,Não,Cartão,App,,1,8,16,191.59,5,1.0
Feminino,Mensal,Sim,Sim,Débito,Google,20.0,4,6,52,103.17,3,0.0
Outro,Anual,Sim,Sim,Boleto,Instagram,61.0,1,10,27,187.51,1,1.0
Feminino,Mensal,Não,Sim,Cartão,Google,,5,13,15,261.7,5,0.0
Masculino,Mensal,Não,Sim,Cartão,Rua,66.0,7,8,6,249.72,5,1.0
Feminino,Mensal,Sim,,Débito,App,62.0,3,10,42,144.28,2,
Masculino,Mensal,Não,Sim,Boleto,App,19.0,1,12,39,216.71,0,1.0
Feminino,Mensal,Não,Sim,Débito,Indicação,46.0,7,2,24,210.12,1,0.0
Feminino,Mensal,Não,Sim,Cartão,Google,,0,6,51,281.89,2,0.0
Feminino,Trimestral,Não,Sim,Boleto,App,33.0,3,5,23,236.62,2,0.0
Feminino,Mensal,Não,Sim,Débito,Instagram,33.0,2,1,5,200.92,2,0.0
Feminino,Mensal,Não,Não,Pix,Instagram,55.0,7,5,7,222.05,3,1.0
Feminino,Mensal,Não,Não,Cartão,Google,49.0,5,2,22,139.66,4,1.0
Masculino,Mensal,Não,Sim,Débito,Indicação,63.0,6,1,29,198.69,3,0.0
Feminino,Mensal,,Sim,Boleto,Instagram,29.0,1,4,53,303.42,5,0.0
Masculino,Mensal,Não,Não,Pix,Indicação,41.0,7,4,31,184.87,0,0.0
Feminino,Anual,Não,Não,Débito,Google,38.0,5,10,35,158.16,0,0.0
Feminino,Trimestral,Não,Não,Débito,App,48.0,7,1,58,257.34,4,0.0
Masculino,Anual,,Não,Cartão,Indicação,32.0,0,15,34,160.93,5,0.0
Feminino,Anual,Não,Sim,Débito,Instagram,,6,2,19,126.5,4,0.0
Masculino,Trimestral,Não,Não,Pix,Indicação,47.0,2,7,34,273.27,2,0.0
Feminino,Trimestral,Não,Não,Débito,App,63.0,0,14,30,153.89,0,1.0
Masculino,Trimestral,Sim,Não,Cartão,App,50.0,2,15,19,176.85,2,0.0
Masculino,Trimestral,Não,,Pix,Instagram,66.0,5,4,18,166.76,4,0.0
Masculino,Anual,Não,Não,Pix,Indicação,58.0,1,7,1,295.66,0,0.0
Masculino,Mensal,Não,Não,Cartão,Indicação,45.0,7,9,41,59.72,2,0.0
Masculino,Mensal,Não,Sim,Boleto,Rua,30.0,6,3,58,216.23,1,0.0
Masculino,Mensal,Não,Sim,Pix,Instagram,65.0,6,3,53,104.76,5,0.0
Masculino,Anual,Não,Sim,Boleto,Indicação,67.0,6,12,16,244.93,1,1.0
Feminino,Mensal,Não,Sim,Pix,Google,66.0,4,5,57,147.92,2,0.0
Feminino,Anual,,Não,Pix,Rua,22.0,7,9,40,164.28,3,0.0
Masculino,Mensal,Sim,Sim,Cartão,Instagram,21.0,2,15,55,165.46,2,0.0
,Mensal,,Não,Débito,App,24.0,6,10,28,186.2,0,0.0
Masculino,Mensal,Não,Não,Pix,Instagram,28.0,5,13,54,,4,1.0
Feminino,Trimestral,Não,Não,Débito,Google,55.0,4,13,11,,2,0.0
Feminino,Anual,,Sim,Pix,Google,33.0,6,14,48,143.77,0,0.0
Masculino,Mensal,Não,Sim,Boleto,App,50.0,2,4,52,155.09,0,0.0
Feminino,Trimestral,Não,Não,Débito,App,16.0,4,4,32,119.73,1,0.0
Feminino,Mensal,Não,Não,Boleto,App,39.0,1,8,26,241.54,2,1.0
Masculino,Trimestral,Sim,Sim,Débito,Rua,65.0,0,5,10,169.48,5,
Masculino,Trimestral,Não,Não,Débito,Google,51.0,7,13,23,272.84,3,1.0
Feminino,Anual,Não,Sim,,App,65.0,1,14,48,-3.54,3,1.0
Feminino,Anual,Não,Não,Cartão,Google,31.0,2,2,45,228.93,4,1.0
Masculino,Trimestral,Não,Não,Boleto,Rua,,6,10,39,108.77,4,0.0
Feminino,Mensal,Não,Sim,Cartão,Rua,18.0,3,3,33,136.41,1,0.0
Feminino,Anual,Não,,Cartão,Google,61.0,0,8,14,179.81,2,1.0
Masculino,Mensal,Não,Não,Débito,App,57.0,6,5,9,220.06,4,0.0
Feminino,Trimestral,Não,Sim,Boleto,Instagram,52.0,4,10,14,349.52,2,0.0
Feminino,Mensal,Não,Não,Pix,Indicação,23.0,0,13,36,135.31,5,1.0
Masculino,Mensal,Não,Não,Pix,Google,33.0,0,7,55,140.2,3,0.0
Feminino,Trimestral,Não,Não,Boleto,Rua,44.0,6,10,41,,0,0.0
Masculino,Mensal,Não,Sim,Pix,App,52.0,1,6,2,156.52,3,1.0
Masculino,Anual,Não,Não,Cartão,Indicação,42.0,2,11,56,242.58,1,
Masculino,Trimestral,Não,Não,Boleto,Google,59.0,5,0,11,185.19,2,0.0
Feminino,Trimestral,Não,Não,Cartão,Instagram,,5,0,52,279.41,0,0.0
Feminino,Mensal,Sim,Não,Débito,Instagram,19.0,1,9,14,262.09,0,0.0
Feminino,Mensal,Sim,Não,Boleto,Rua,,2,13,36,222.01,1,1.0
Feminino,Trimestral,Não,Sim,Pix,Rua,28.0,3,6,35,159.34,0,0.0
Masculino,Trimestral,Não,Sim,Pix,Rua,29.0,7,12,42,71.73,2,0.0
Feminino,Trimestral,Sim,Sim,Cartão,Google,29.0,1,1,52,174.18,3,0.0
Masculino,Mensal,Não,Não,Débito,Instagram,66.0,6,8,25,134.57,2,1.0
Feminino,Trimestral,Não,Não,Pix,Instagram,25.0,7,13,33,176.28,4,0.0
,Trimestral,Sim,Não,Pix,Rua,37.0,3,11,9,161.01,0,0.0
Masculino,Trimestral,Não,Não,Débito,Rua,24.0,2,15,13,157.48,0,0.0
Feminino,Trimestral,Não,Não,Cartão,App,39.0,0,9,43,179.24,2,0.0
Feminino,Anual,Sim,Sim,Cartão,Instagram,65.0,3,11,10,75.15,5,0.0
Masculino,Trimestral,Não,Não,Débito,Rua,32.0,3,8,57,149.9,1,0.0
,Mensal,Não,Sim,Débito,Rua,39.0,6,13,33,256.16,5,1.0
Feminino,Trimestral,Sim,Sim,Cartão,Rua,20.0,2,11,45,240.51,2,0.0
Feminino,Trimestral,Sim,Não,Boleto,App,49.0,2,1,9,178.81,3,1.0
Masculino,Mensal,Não,Sim,Cartão,Instagram,57.0,7,8,-8,80.44,1,0.0
Masculino,Mensal,Não,Sim,Boleto,Instagram,16.0,6,8,40,162.0,0,0.0
Outro,Trimestral,Sim,,Boleto,Instagram,42.0,1,9,13,147.4,5,1.0
Feminino,Trimestral,Não,Não,Boleto,App,55.0,1,5,24,190.58,5,0.0
Feminino,Anual,Não,Não,Cartão,Google,23.0,2,4,40,189.29,0,0.0
Masculino,Anual,Não,,Débito,App,21.0,7,9,59,,1,0.0
Masculino,Mensal,Não,Não,Boleto,Indicação,68.0,3,1,56,96.37,1,1.0
Feminino,Trimestral,Sim,Não,Débito,App,20.0,7,5,17,67.12,1,0.0
Masculino,Trimestral,Não,Não,Débito,Indicação,69.0,6,10,33,153.8,0,1.0
Outro,Mensal,Não,Não,Pix,Rua,68.0,4,8,23,117.34,0,1.0
Masculino,Mensal,Não,Sim,Débito,Indicação,33.0,1,2,27,191.52,5,0.0
Masculino,Mensal,Não,Não,Cartão,App,22.0,2,2,44,183.98,5,0.0
Masculino,Mensal,Não,Sim,Cartão,Google,51.0,4,10,44,105.1,0,0.0
Feminino,Anual,Não,Sim,Boleto,Instagram,48.0,4,3,57,196.99,0,0.0
Feminino,Mensal,Não,Não,Cartão,App,69.0,6,14,43,221.5,0,1.0
Outro,Mensal,,Não,Boleto,Instagram,49.0,4,9,26,276.44,2,0.0
Masculino,Mensal,Não,Não,Cartão,Indicação,47.0,4,10,24,111.93,2,0.0
Masculino,Trimestral,Não,Não,Boleto,Rua,66.0,0,11,11,,2,0.0
Feminino,Mensal,,Não,Cartão,Rua,,1,3,29,144.19,1,1.0
Feminino,Mensal,Não,Não,Cartão,App,,4,14,48,293.74,0,1.0
,Mensal,Sim,Sim,Boleto,Indicação,36.0,4,0,5,74.51,5,0.0
Masculino,Mensal,Não,Não,Débito,Indicação,28.0,6,1,24,224.94,5,0.0
Masculino,Mensal,Não,Sim,Pix,Instagram,23.0,2,5,9,155.37,2,0.0
Feminino,Anual,Não,Sim,Cartão,Indicação,59.0,5,4,55,,1,0.0
Feminino,Mensal,Não,Não,Débito,Google,45.0,2,9,59,168.01,3,1.0
Feminino,Mensal,Não,,Pix,Rua,23.0,5,3,10,192.4,4,1.0
Masculino,Mensal,Não,,Pix,Google,42.0,0,15,11,67.64,3,1.0
Feminino,Anual,Não,Não,Cartão,Google,54.0,4,9,31,,3,0.0
Masculino,Mensal,Não,Não,Débito,Instagram,38.0,0,8,3,161.12,4,1.0
Masculino,Anual,Não,Não,Cartão,Indicação,23.0,6,1,25,84.7,5,1.0
Feminino,Anual,Não,Não,Boleto,Instagram,30.0,5,14,53,229.6,1,0.0
Feminino,Trimestral,Não,Não,Boleto,Rua,68.0,6,11,43,119.33,4,0.0
Masculino,Trimestral,Sim,Sim,Pix,Instagram,22.0,2,7,40,255.62,1,0.0
Feminino,Trimestral,Não,Não,Boleto,Google,27.0,5,40,27,145.22,3,0.0
Feminino,Trimestral,Não,Não,Débito,Instagram,65.0,1,11,1,51.04,4,1.0
Masculino,Trimestral,Sim,Não,Boleto,Indicação,51.0,7,10,49,270.36,3,0.0
Feminino,Trimestral,Não,Sim,Boleto,Instagram,53.0,3,3,48,105.15,4,0.0
Feminino,Mensal,Sim,Sim,Débito,Indicação,58.0,3,8,16,143.62,4,0.0
Feminino,Trimestral,Não,Não,Débito,Google,45.0,5,3,35,136.85,0,0.0
Feminino,Trimestral,Não,Sim,Boleto,Indicação,25.0,0,1,15,147.01,2,1.0
Feminino,Mensal,Não,Sim,Débito,Indicação,34.0,2,13,34,189.55,2,0.0
Masculino,Anual,Não,Não,Cartão,Indicação,33.0,6,13,53,249.56,3,0.0
Feminino,Mensal,Não,Não,Boleto,Indicação,59.0,3,5,11,58.8,3,0.0
Feminino,Anual,Sim,Não,Pix,Rua,64.0,4,12,9,168.32,3,0.0
Feminino,Trimestral,Não,Não,Débito,App,35.0,1,11,57,241.92,0,1.0
Masculino,Trimestral,Não,Não,Débito,Rua,17.0,2,13,24,182.73,0,0.0
Feminino,Anual,Sim,Sim,Cartão,Instagram,45.0,0,15,37,197.68,3,1.0
Feminino,Anual,Sim,Não,Cartão,Rua,66.0,6,8,35,243.54,0,0.0
,Mensal,Não,Sim,Pix,Rua,59.0,2,6,22,88.0,4,1.0
Masculino,Trimestral,Não,Sim,Cartão,Indicação,58.0,6,0,40,190.05,4,1.0
Feminino,Mensal,Não,Não,Cartão,Instagram,62.0,1,13,38,229.04,4,1.0
Masculino,Trimestral,Não,Sim,Pix,Instagram,58.0,5,8,7,206.78,2,0.0
Feminino,Anual,Não,Não,Boleto,Google,26.0,2,5,44,144.3,4,0.0
,Mensal,Sim,Não,Cartão,Indicação,37.0,5,8,30,72.37,2,1.0
Feminino,Mensal,Não,Sim,Boleto,Rua,57.0,0,1,29,197.41,4,0.0
Masculino,Trimestral,Sim,Sim,Pix,Google,34.0,4,10,55,145.72,3,0.0
Feminino,Mensal,Não,Não,,Google,18.0,2,6,39,215.67,2,1.0
Feminino,Mensal,Não,Sim,,Rua,19.0,7,7,41,132.22,0,0.0
Masculino,Trimestral,Não,Não,Boleto,Instagram,50.0,0,7,9,262.76,5,0.0
Masculino,Trimestral,Não,Sim,Pix,Indicação,62.0,5,4,1,242.02,2,0.0
Outro,Mensal,Não,Não,Débito,Indicação,53.0,5,6,3,104.66,1,1.0
Feminino,Trimestral,Sim,Não,Cartão,Rua,24.0,4,13,5,279.02,2,1.0
Masculino,Anual,Não,Não,Cartão,Indicação,23.0,3,6,11,99.66,4,0.0
Feminino,Anual,Não,Sim,Boleto,App,49.0,2,2,4,216.39,4,1.0
Feminino,Trimestral,,Sim,Cartão,Google,66.0,4,10,44,164.96,4,0.0
Masculino,Mensal,Sim,,Débito,Google,62.0,5,10,33,172.18,0,1.0
Feminino,Mensal,Não,Não,Boleto,App,46.0,3,1,33,245.57,3,0.0
Masculino,Anual,Não,Sim,Boleto,Indicação,55.0,6,14,45,201.71,2,1.0
Masculino,Mensal,Não,Não,Cartão,Instagram,34.0,5,14,20,104.89,0,1.0
Feminino,Anual,Não,Não,Pix,App,52.0,6,4,37,148.66,1,0.0
Masculino,Trimestral,Não,Não,Débito,App,47.0,2,3,20,208.6,2,0.0
Masculino,Anual,Não,Não,Cartão,Google,59.0,7,7,34,244.28,5,0.0
Feminino,Mensal,Não,Não,Pix,Instagram,59.0,2,15,21,230.95,4,1.0
Feminino,Mensal,Não,Sim,Boleto,Instagram,43.0,1,11,58,167.44,0,0.0
Masculino,Trimestral,Não,Sim,Boleto,Indicação,56.0,2,13,51,158.69,0,0.0
Masculino,Anual,Sim,Não,Cartão,Instagram,33.0,2,4,7,300.04,2,0.0
,Trimestral,Sim,Não,Débito,Indicação,40.0,4,12,16,234.06,5,0.0
Feminino,Mensal,Não,Sim,Cartão,Rua,25.0,0,8,32,168.31,0,0.0
Feminino,Anual,Não,Não,Cartão,App,20.0,1,6,36,182.05,0,0.0
Masculino,Trimestral,Não,Não,Boleto,App,30.0,2,10,50,116.9,0,0.0
Feminino,Mensal,Não,,Débito,Indicação,40.0,4,0,11,159.6,2,0.0
Masculino,Trimestral,Não,Não,Cartão,Indicação,35.0,5,1,56,145.1,4,0.0
Feminino,Trimestral,Não,Sim,Pix,Indicação,66.0,6,7,48,157.28,5,0.0
Masculino,Trimestral,Não,Sim,,App,68.0,5,9,29,246.84,0,0.0
Feminino,Anual,Não,Não,Débito,Indicação,25.0,6,12,42,,0,0.0
Masculino,Mensal,Não,Não,Boleto,App,64.0,7,7,34,168.45,3,0.0
Feminino,Trimestral,Não,Não,Boleto,App,53.0,4,15,59,123.21,5,1.0
Masculino,Mensal,Não,Não,Débito,Google,56.0,7,15,55,195.3,5,1.0
,Trimestral,Não,Não,Cartão,Google,43.0,6,1,56,261.06,1,0.0
Feminino,Mensal,Não,Não,Cartão,Rua,64.0,7,12,10,222.78,3,0.0
Masculino,Mensal,Não,Não,Pix,Rua,65.0,7,6,3,193.38,4,0.0
Masculino,Mensal,,Sim,Pix,Instagram,61.0,0,7,22,240.62,3,0.0
Masculino,Mensal,Não,Sim,Débito,Indicação,21.0,3,15,32,,2,1.0
Masculino,Mensal,Sim,Não,Boleto,App,26.0,2,3,44,154.18,3,1.0
Masculino,Mensal,Não,Não,Débito,Instagram,34.0,6,15,20,77.45,2,1.0
Feminino,Mensal,Não,Não,Cartão,Google,31.0,3,15,2,249.85,3,1.0
Feminino,Mensal,Não,Não,Cartão,App,47.0,0,2,8,109.45,3,1.0
Feminino,Anual,Não,Sim,Débito,Instagram,17.0,4,15,50,110.21,1,0.0
Masculino,Mensal,Não,Não,Cartão,Google,54.0,3,15,41,164.0,5,0.0
Masculino,Mensal,Não,Não,Cartão,Rua,41.0,0,14,25,145.05,2,1.0
Feminino,Mensal,,Sim,Pix,Indicação,36.0,3,9,11,109.5,4,
Feminino,Trimestral,Não,Não,Cartão,Indicação,53.0,7,8,24,174.79,5,1.0
Masculino,Trimestral,Não,Não,Pix,Instagram,30.0,5,1,26,162.4,0,0.0
Masculino,Mensal,Sim,Sim,Boleto,Google,28.0,7,15,35,209.03,4,1.0
Masculino,Mensal,Não,Não,Débito,Instagram,22.0,4,13,40,180.85,3,0.0
Masculino,Trimestral,Não,Não,Cartão,Google,,2,2,5,199.3,4,0.0
Feminino,Anual,Não,Não,Pix,Google,18.0,7,7,15,170.92,3,0.0
Masculino,Anual,Não,Não,Pix,Indicação,30.0,5,1,42,199.94,3,0.0
Feminino,Mensal,Não,Não,Débito,Rua,35.0,5,4,14,155.1,0,0.0
Feminino,Trimestral,Não,Não,Pix,Rua,18.0,1,9,37,172.33,1,1.0
Feminino,Mensal,Não,Não,Cartão,App,,5,11,18,-100.0,1,0.0
Masculino,Trimestral,,Sim,Pix,Google,30.0,4,15,12,127.61,0,0.0
Masculino,Trimestral,Não,Sim,Pix,Indicação,18.0,6,7,3,182.93,4,1.0
Masculino,Trimestral,Não,Não,Boleto,Google,43.0,7,6,40,289.88,2,0.0
Masculino,Trimestral,Não,Não,Cartão,App,62.0,3,3,46,205.66,0,0.0
,Trimestral,Sim,Não,Débito,Indicação,16.0,2,9,33,150.57,5,0.0
Masculino,Trimestral,Sim,,Pix,Google,68.0,7,8,4,91.8,3,0.0
Feminino,Mensal,Não,Não,Pix,Rua,35.0,7,1,54,222.48,5,0.0
Feminino,Trimestral,Não,Não,Cartão,Rua,26.0,1,12,57,248.95,1,0.0
,Anual,Não,Não,Cartão,App,40.0,5,15,40,210.74,1,0.0
Feminino,Mensal,Não,Sim,Pix,Rua,19.0,0,12,26,207.38,4,1.0
Feminino,Mensal,Não,Sim,,Google,34.0,2,6,21,95.32,2,1.0
Outro,Anual,Sim,Não,Débito,App,69.0,4,6,45,187.52,5,0.0
Masculino,Trimestral,Sim,Não,Cartão,Instagram,43.0,3,14,16,144.56,0,0.0
Masculino,Trimestral,Não,Não,Débito,App,25.0,5,6,48,216.75,3,0.0
Masculino,Trimestral,Não,Sim,Débito,Rua,36.0,1,6,23,115.58,5,1.0
Masculino,Anual,Sim,Sim,,Indicação,51.0,5,4,24,175.7,3,0.0
Masculino,Anual,Não,Não,Débito,App,31.0,2,0,9,224.97,2,0.0
Masculino,Mensal,Sim,Não,Cartão,Google,48.0,7,3,19,136.72,4,0.0
Masculino,Mensal,Sim,Não,Cartão,App,60.0,6,4,27,157.64,5,0.0
Feminino,,Não,Não,Pix,Rua,66.0,1,12,40,232.2,2,0.0
Feminino,Mensal,Não,Não,Pix,App,61.0,6,9,31,285.79,4,1.0
Feminino,Mensal,Não,Sim,Boleto,Google,,1,3,51,223.35,4,0.0
Masculino,Anual,Não,Não,Boleto,Google,44.0,2,12,1,184.43,5,1.0
Feminino,Anual,Não,Não,Cartão,Rua,19.0,6,15,13,142.88,0,1.0
,Anual,Sim,Não,Débito,Google,57.0,5,6,45,166.32,0,0.0
Feminino,Mensal,Não,,Cartão,Rua,42.0,3,12,4,219.51,3,1.0
Masculino,Anual,Não,Não,Pix,App,23.0,7,1,55,149.04,1,0.0
Masculino,Trimestral,Sim,Não,Boleto,App,56.0,6,1,25,152.7,5,1.0
Feminino,Mensal,,Sim,Cartão,Instagram,61.0,5,10,10,102.92,4,1.0
Feminino,Trimestral,Não,Sim,,Rua,23.0,0,1,23,301.14,3,0.0
Masculino,Anual,Não,Sim,Débito,Indicação,40.0,2,9,58,238.07,5,0.0
Feminino,Mensal,Sim,Não,Cartão,Rua,41.0,0,2,43,156.14,1,0.0
Masculino,Anual,Não,Sim,Boleto,App,16.0,1,4,30,261.39,3,0.0
Masculino,Trimestral,Não,Não,Boleto,App,58.0,7,13,14,203.41,4,0.0
Feminino,Trimestral,,Não,Cartão,Google,63.0,7,9,32,124.82,1,0.0
Masculino,Mensal,Não,Não,Débito,Instagram,48.0,1,8,30,147.46,2,0.0
Masculino,Mensal,Não,Sim,Boleto,Indicação,,6,2,5,119.54,0,0.0
Masculino,Trimestral,Não,Sim,Boleto,Instagram,35.0,3,5,45,200.48,0,0.0
Masculino,Trimestral,Não,Não,Boleto,Rua,33.0,6,5,15,309.27,1,0.0
Masculino,Trimestral,Não,Sim,Pix,Rua,41.0,7,10,17,179.62,5,1.0
Masculino,Trimestral,Não,,Cartão,App,54.0,7,5,48,142.45,1,0.0
Feminino,Anual,Não,Não,Boleto,Google,24.0,2,4,33,,4,1.0
Masculino,Mensal,Não,Não,Boleto,Indicação,42.0,5,13,12,282.0,1,1.0
Masculino,Trimestral,Não,Sim,Cartão,Google,21.0,2,13,25,225.13,5,0.0
Feminino,Trimestral,Não,Não,Pix,Indicação,35.0,4,1,52,,0,0.0
Masculino,Mensal,Não,Não,Débito,Instagram,53.0,7,0,19,85.85,4,0.0
Masculino,Anual,Não,Não,Débito,App,16.0,3,4,59,194.24,5,0.0
Outro,,Não,Não,Cartão,Google,53.0,2,7,53,136.3,3,0.0
Feminino,Mensal,Sim,Sim,,Rua,31.0,1,9,23,263.71,0,
Masculino,Anual,Não,Sim,Boleto,App,19.0,3,4,39,121.37,2,0.0
Feminino,Anual,Não,Não,Débito,Indicação,18.0,4,13,5,129.92,4,0.0
Feminino,Anual,Sim,Não,Débito,App,37.0,4,2,40,214.55,2,0.0
Feminino,Mensal,Não,Sim,Cartão,Rua,24.0,6,2,21,184.81,1,0.0
Feminino,Anual,Não,Não,Pix,Rua,69.0,7,1,58,131.55,3,0.0
Masculino,Mensal,Não,Não,Cartão,Indicação,23.0,5,6,36,113.68,1,1.0
Masculino,Trimestral,Sim,Não,Cartão,App,22.0,1,12,14,289.7,0,1.0
Feminino,Mensal,Não,Não,Cartão,Google,27.0,6,13,6,174.83,3,0.0
Feminino,Mensal,Não,Sim,Pix,App,16.0,7,1,19,186.31,5,0.0
Feminino,Anual,,Não,Cartão,Rua,69.0,5,5,4,186.62,0,0.0
Masculino,Anual,Não,Não,Cartão,Indicação,27.0,2,11,24,,3,0.0
Masculino,Anual,Sim,Não,Cartão,Instagram,31.0,7,7,26,231.11,2,0.0
Feminino,Mensal,Não,Não,Boleto,Instagram,29.0,1,7,42,142.31,0,1.0
Feminino,Anual,Sim,Não,Pix,App,45.0,4,1,19,141.8,5,0.0
Masculino,Mensal,Não,Sim,Boleto,Rua,58.0,3,5,59,183.1,0,0.0
Feminino,Mensal,Não,Não,Boleto,App,67.0,2,11,32,52.72,1,0.0
Feminino,Trimestral,Sim,Sim,Débito,Indicação,34.0,1,2,42,74.7,5,0.0
,Mensal,Não,Sim,Cartão,Google,34.0,5,8,45,230.45,4,0.0
Masculino,Mensal,Sim,Não,Boleto,Instagram,28.0,2,2,35,219.68,5,0.0
Masculino,Anual,Não,Sim,Cartão,App,59.0,7,15,54,132.01,0,0.0
Feminino,Trimestral,Não,Não,Cartão,Rua,25.0,3,0,40,246.86,5,0.0
Masculino,Anual,Não,Sim,Cartão,Instagram,62.0,4,15,42,261.28,3,0.0
Feminino,Trimestral,Não,Não,Boleto,Instagram,44.0,1,12,2,98.87,1,0.0
Feminino,Mensal,Não,Não,Débito,Google,43.0,6,8,33,200.38,4,0.0
Masculino,Mensal,Não,Sim,Pix,App,28.0,4,12,10,148.49,0,0.0
,Anual,Não,Não,Débito,Google,60.0,5,7,45,33.15,2,0.0
Feminino,Mensal,Não,Não,Cartão,Rua,30.0,5,11,33,100.68,5,0.0
Feminino,Trimestral,Sim,Sim,Débito,Rua,32.0,1,12,23,201.68,1,0.0
Masculino,Mensal,Não,Não,Débito,App,38.0,2,1,34,124.75,5,1.0
Masculino,Trimestral,Não,Sim,Débito,Instagram,58.0,6,9,57,246.23,2,0.0
Feminino,Mensal,Não,Sim,Pix,Indicação,25.0,6,13,42,191.11,3,1.0
Feminino,Mensal,Não,Não,Débito,Google,51.0,0,9,36,307.32,1,0.0
Masculino,Trimestral,Não,Sim,Pix,Instagram,64.0,1,2,30,83.6,1,0.0
Feminino,Mensal,Não,Não,Boleto,Rua,29.0,1,6,39,282.36,1,
Feminino,Trimestral,Sim,Sim,Débito,Rua,47.0,4,5,5,244.46,4,0.0
Masculino,Anual,Não,Sim,Cartão,Instagram,49.0,0,7,21,170.38,5,1.0
Feminino,Trimestral,Não,Sim,Boleto,Instagram,46.0,6,9,16,266.91,4,0.0
Feminino,Mensal,Não,Sim,Pix,Rua,54.0,5,12,7,172.87,0,1.0
Masculino,Trimestral,Sim,Não,Pix,Google,47.0,7,4,9,274.65,2,0.0
Feminino,Anual,,Não,Débito,Google,31.0,7,15,52,130.45,5,1.0
Feminino,Trimestral,Não,Não,Pix,Instagram,41.0,0,4,57,189.9,5,0.0
Feminino,Trimestral,Sim,Não,Débito,App,32.0,0,1,-8,173.66,0,0.0
Masculino,Anual,Não,Não,Cartão,Rua,,0,5,43,102.64,2,1.0
Feminino,Anual,Não,Não,Cartão,Indicação,51.0,7,11,24,126.84,0,0.0
Masculino,Mensal,Não,Não,Boleto,Rua,50.0,3,15,49,193.07,1,1.0
Masculino,Anual,Não,Não,Pix,Google,38.0,6,11,26,168.87,1,0.0
Masculino,Mensal,Sim,Não,Cartão,Google,40.0,2,10,32,199.02,2,0.0
Feminino,Anual,Não,Não,Pix,Indicação,20.0,1,12,43,129.02,1,0.0
Masculino,Mensal,Não,Não,Cartão,Google,21.0,2,12,27,118.13,0,1.0
Feminino,Mensal,Não,Não,Boleto,Indicação,41.0,5,10,41,146.59,4,1.0
Masculino,Anual,Sim,Não,Débito,Google,53.0,2,4,19,194.84,3,0.0
Feminino,Mensal,,Não,Débito,Indicação,21.0,2,15,8,167.38,5,1.0
Masculino,Mensal,Sim,Não,Pix,App,34.0,2,8,37,154.29,5,0.0
,Trimestral,Não,Não,Cartão,Rua,58.0,7,13,6,220.58,0,1.0
Outro,Trimestral,Não,Não,Boleto,Google,34.0,3,2,19,206.77,2,0.0
Masculino,Mensal,Não,Sim,Boleto,Instagram,61.0,4,14,43,207.17,1,0.0
Masculino,Trimestral,Não,Não,Débito,Indicação,62.0,6,4,23,175.43,3,0.0
Feminino,Trimestral,Sim,Sim,Cartão,Indicação,46.0,3,2,2,137.15,3,0.0
Feminino,Mensal,Não,Sim,Boleto,Indicação,52.0,1,8,-8,104.56,1,0.0
Masculino,Trimestral,Não,Não,,Google,38.0,6,8,2,,0,0.0
Feminino,Mensal,Não,Não,Pix,Rua,27.0,7,13,13,186.69,1,1.0
Feminino,Mensal,Sim,Não,Boleto,Instagram,28.0,0,9,32,232.24,4,1.0
Masculino,Trimestral,Não,Não,Pix,Indicação,37.0,4,12,43,162.76,2,0.0
Masculino,Anual,Não,Não,Débito,Indicação,65.0,1,6,25,109.04,5,1.0
Masculino,Trimestral,Não,Sim,Débito,Indicação,18.0,5,14,43,98.68,1,0.0
Masculino,Mensal,Não,Sim,Cartão,Indicação,27.0,7,13,13,192.33,0,0.0
Masculino,Trimestral,Sim,,Pix,Instagram,52.0,0,0,30,227.93,4,0.0
Masculino,Anual,Não,Sim,Débito,Indicação,46.0,3,8,19,100.6,5,1.0
Masculino,Trimestral,Sim,Sim,Débito,Instagram,28.0,2,13,24,249.35,4,1.0
Masculino,Trimestral,Sim,Sim,Boleto,Instagram,38.0,1,8,54,110.93,0,0.0
Feminino,Anual,Não,Não,Boleto,Indicação,28.0,5,9,45,137.28,2,0.0
Masculino,Trimestral,Sim,Sim,Boleto,App,21.0,2,4,33,241.47,3,1.0
Feminino,Anual,Não,Não,Boleto,Instagram,63.0,2,10,59,151.05,4,0.0
Feminino,Trimestral,Não,Não,Cartão,App,18.0,2,1,13,171.41,5,0.0
Masculino,Mensal,Não,Sim,,Instagram,22.0,4,12,31,203.73,0,0.0
Masculino,Mensal,Não,Não,Cartão,Google,68.0,0,0,38,251.56,5,1.0
Feminino,Trimestral,Não,Não,Boleto,Indicação,25.0,2,1,8,174.71,5,0.0
Feminino,Trimestral,Não,Não,,Google,46.0,5,3,58,186.61,4,0.0
Masculino,Mensal,Não,Não,Débito,Instagram,19.0,1,3,30,169.8,5,0.0
Masculino,Mensal,Não,Sim,Boleto,Google,59.0,4,0,19,96.43,3,0.0
Masculino,Anual,Sim,Não,Pix,Indicação,21.0,0,12,32,257.07,5,1.0
Feminino,Anual,Não,Sim,Pix,Indicação,,1,12,30,4.33,0,0.0
Outro,Trimestral,Não,Sim,Boleto,Instagram,22.0,7,7,55,198.14,4,0.0
Feminino,Trimestral,Não,Sim,,Instagram,49.0,20,9,46,248.82,0,0.0
Feminino,Mensal,Sim,Não,Boleto,App,38.0,4,11,38,257.96,5,
Feminino,Trimestral,Não,Sim,Pix,Rua,23.0,5,14,17,130.2,0,0.0
Masculino,Mensal,Não,,Cartão,Google,65.0,6,7,34,203.93,3,1.0
Feminino,Trimestral,Não,Não,Cartão,App,39.0,5,7,16,127.94,0,0.0
Masculino,Trimestral,,Não,Cartão,Google,,0,4,59,138.74,5,1.0
Masculino,Trimestral,Não,Não,Cartão,Indicação,60.0,6,9,37,248.57,2,0.0
Masculino,Mensal,Não,Sim,Pix,Instagram,18.0,7,1,55,184.68,4,0.0
Feminino,Mensal,Não,Não,Pix,Google,28.0,6,3,52,195.67,1,0.0
Feminino,Anual,,Não,Boleto,Rua,54.0,7,0,6,231.42,2,0.0
Feminino,Mensal,Sim,Sim,Pix,Indicação,48.0,5,9,2,,2,1.0
Masculino,Mensal,Não,Não,Boleto,Indicação,65.0,6,0,5,169.14,0,0.0
Masculino,Mensal,,Sim,Débito,App,68.0,2,11,42,80.17,2,1.0
Masculino,Mensal,Sim,Não,Pix,Rua,31.0,1,9,19,162.25,2,1.0
Masculino,Trimestral,Não,Não,Boleto,Indicação,26.0,3,2,1,217.11,2,0.0
Masculino,Trimestral,Não,Não,Cartão,Rua,44.0,7,3,38,86.1,0,0.0
Masculino,Mensal,Não,Não,Cartão,Instagram,40.0,7,11,25,150.4,5,1.0
Feminino,Mensal,Sim,Não,,Rua,32.0,2,10,16,155.47,2,1.0
Feminino,Mensal,Não,Sim,Débito,App,52.0,20,11,30,194.2,1,
Masculino,Trimestral,Não,Não,Cartão,App,21.0,3,10,30,141.68,2,0.0
Feminino,Anual,Não,Não,Boleto,Google,61.0,7,2,10,182.67,0,0.0
Masculino,Mensal,Não,,Boleto,Instagram,29.0,1,11,40,111.09,5,0.0
Masculino,Trimestral,Não,Não,Cartão,Instagram,34.0,7,10,52,208.65,0,0.0
Feminino,Anual,Sim,Não,Cartão,Rua,52.0,5,2,24,205.59,3,0.0
Feminino,Mensal,Não,Sim,,App,65.0,7,7,59,381.76,3,0.0
Masculino,Trimestral,Não,Sim,Débito,App,58.0,3,3,21,119.59,5,0.0
Feminino,Trimestral,Não,Não,Débito,App,27.0,3,2,51,155.17,5,0.0
Feminino,Trimestral,Não,,Pix,Instagram,34.0,0,8,52,258.68,1,0.0
Masculino,Anual,Não,Não,Boleto,App,36.0,0,11,39,84.18,5,1.0
Feminino,Mensal,Não,Sim,Pix,Google,44.0,5,11,15,344.88,4,0.0
Masculino,Mensal,Sim,Sim,Pix,Indicação,43.0,7,0,5,150.22,3,0.0
Feminino,Trimestral,Não,Sim,Boleto,App,32.0,0,7,36,88.05,2,0.0
Feminino,Mensal,Não,Sim,Boleto,Google,68.0,3,4,51,205.93,0,0.0
Feminino,Mensal,Sim,Não,Boleto,Google,64.0,5,13,51,183.35,3,1.0
Masculino,Anual,Não,Não,Pix,Indicação,,3,15,42,120.16,5,1.0
Masculino,Trimestral,Não,Não,Débito,Instagram,21.0,7,7,22,,0,
Feminino,Mensal,Sim,Sim,Boleto,App,40.0,4,9,8,220.72,2,
Masculino,Mensal,Não,Sim,Cartão,Google,34.0,7,15,31,101.22,0,0.0
Feminino,Mensal,Não,Não,Débito,Google,21.0,4,2,52,219.32,0,0.0
Masculino,Mensal,Não,Sim,Débito,Indicação,16.0,6,14,1,140.06,3,0.0
Masculino,Anual,Não,Não,Débito,Google,61.0,0,5,20,338.12,0,0.0
Masculino,Anual,Não,Não,Débito,App,,6,10,28,271.88,2,0.0
Feminino,Trimestral,Não,,Boleto,Instagram,36.0,4,13,31,103.17,1,0.0
Masculino,Mensal,Não,Sim,Pix,Google,36.0,2,6,53,155.63,0,0.0
Masculino,Anual,Não,Sim,Cartão,Instagram,59.0,4,7,24,233.64,5,0.0
Masculino,Anual,Não,Sim,Cartão,Google,,7,6,45,3.22,0,0.0
Masculino,Anual,Não,Sim,Pix,Google,42.0,4,15,7,124.99,2,0.0
Feminino,Trimestral,Não,Não,Pix,App,38.0,2,6,2,151.13,4,1.0
Masculino,Trimestral,Sim,Não,Débito,Instagram,51.0,2,1,9,88.22,2,0.0
Masculino,Trimestral,Não,Sim,Boleto,Rua,51.0,1,2,19,180.91,3,1.0
Masculino,Mensal,Não,Sim,Cartão,App,47.0,3,15,41,155.0,3,0.0
Feminino,Trimestral,Não,Sim,Débito,Instagram,54.0,3,5,49,129.72,1,0.0
Masculino,Trimestral,Não,Não,Débito,Instagram,60.0,5,2,25,263.85,0,
Masculino,Trimestral,Não,Não,Boleto,Instagram,32.0,6,8,23,230.76,1,0.0
Masculino,Trimestral,Sim,Não,,Rua,29.0,0,8,50,229.93,5,0.0
Masculino,Trimestral,Não,Não,Pix,App,37.0,5,5,10,181.89,5,0.0
Feminino,Trimestral,Não,Não,,Rua,32.0,1,0,23,199.92,1,1.0
Feminino,Mensal,Sim,Não,Cartão,Google,44.0,5,0,33,282.89,0,0.0
Masculino,Anual,Não,Não,Cartão,Indicação,63.0,1,14,43,109.25,0,0.0
Feminino,Trimestral,Não,Não,Débito,Rua,63.0,1,14,19,118.46,2,1.0
Feminino,Trimestral,Sim,,Cartão,Google,53.0,6,3,55,246.09,1,0.0
Feminino,Mensal,Não,Sim,Boleto,Rua,41.0,1,10,51,212.3,1,0.0
Feminino,Anual,Sim,Sim,Cartão,Instagram,46.0,6,9,34,145.51,3,0.0
Masculino,Trimestral,Sim,Não,Boleto,Indicação,49.0,6,15,37,207.06,5,0.0
Outro,Trimestral,Sim,,Débito,Indicação,42.0,4,7,3,111.99,1,1.0
Outro,Anual,Não,Sim,Cartão,Google,32.0,1,2,45,204.22,5,0.0
Feminino,Anual,Não,Não,Boleto,Rua,38.0,5,3,57,139.28,2,
Feminino,Trimestral,Não,Não,Boleto,Rua,49.0,0,11,7,271.77,5,
Feminino,Mensal,Não,Sim,Cartão,Rua,33.0,7,10,43,199.06,4,0.0
Masculino,Anual,Sim,,Débito,Google,36.0,3,5,49,180.86,1,0.0
,Anual,Não,Não,Pix,Rua,35.0,1,10,1,162.97,2,1.0
Feminino,Mensal,Sim,Sim,Pix,Indicação,47.0,7,8,54,198.39,2,0.0
Masculino,Trimestral,Não,Não,Cartão,Indicação,27.0,5,3,36,231.33,4,0.0
Feminino,Trimestral,Não,Sim,Cartão,App,19.0,3,2,1,,2,0.0
Feminino,Mensal,Não,Não,Pix,Rua,24.0,6,9,41,298.32,3,1.0
Masculino,Mensal,Não,Não,Débito,Rua,26.0,7,9,30,170.63,4,0.0
Feminino,Trimestral,Não,Não,Boleto,Indicação,64.0,7,15,50,213.11,5,0.0
Masculino,Anual,Não,Não,,Indicação,45.0,2,8,32,200.68,5,0.0
Feminino,Mensal,Não,Não,Débito,Instagram,60.0,0,6,49,39.07,5,0.0
Feminino,Anual,Não,Sim,Pix,Instagram,41.0,2,8,19,,5,1.0
Feminino,Anual,Não,Sim,Débito,App,47.0,7,10,47,322.35,5,0.0
Feminino,Anual,Não,Não,Pix,Indicação,43.0,5,9,10,204.44,5,0.0
Feminino,Mensal,Não,Não,Débito,App,66.0,1,5,44,203.28,3,1.0
Feminino,Trimestral,Sim,Não,Débito,Rua,55.0,7,3,48,195.83,1,0.0
Masculino,Mensal,Não,Não,,Rua,52.0,4,4,44,119.37,1,0.0
Feminino,Anual,Sim,Sim,Boleto,Indicação,57.0,5,9,33,,2,0.0
Outro,Trimestral,Não,Não,Débito,Google,62.0,4,11,45,192.85,2,0.0
Masculino,Mensal,Sim,Não,Pix,App,66.0,5,1,4,228.16,5,0.0
Masculino,Mensal,Não,,Débito,Google,56.0,0,2,20,205.08,4,0.0
Feminino,Trimestral,Não,Não,Débito,Rua,31.0,1,4,54,212.71,5,0.0
Feminino,Anual,Não,Sim,Cartão,App,,1,12,44,156.51,1,0.0
Feminino,Trimestral,Não,Não,Débito,Rua,23.0,1,2,51,248.66,0,0.0
Masculino,Trimestral,Não,Não,Débito,Instagram,18.0,1,2,15,267.12,2,1.0
Feminino,Mensal,Não,Sim,Cartão,Indicação,18.0,7,8,41,198.4,4,1.0
Feminino,Anual,Não,Não,Boleto,Instagram,25.0,5,15,54,201.61,2,1.0
Feminino,Trimestral,Não,Não,Débito,App,27.0,0,3,30,141.32,4,0.0
Feminino,Anual,Sim,Sim,Cartão,Instagram,30.0,0,13,7,216.39,1,1.0
Masculino,Mensal,Não,Sim,Débito,App,62.0,6,3,38,179.53,2,0.0
,Trimestral,Não,Sim,Boleto,Google,42.0,0,0,41,152.31,5,0.0
,Trimestral,Sim,Não,Pix,Indicação,66.0,5,11,18,160.98,2,0.0
Feminino,Mensal,Não,Não,Débito,Google,61.0,4,6,59,188.37,0,0.0
Feminino,Mensal,Não,Não,Pix,Rua,26.0,1,12,30,186.6,1,1.0
Feminino,Mensal,Não,Sim,Cartão,Indicação,21.0,5,9,8,264.28,4,1.0
Masculino,Mensal,,Não,Débito,Instagram,-5.0,2,12,21,146.15,0,1.0
Feminino,Trimestral,,,Cartão,App,33.0,3,8,50,209.28,4,0.0
Masculino,Mensal,Não,Não,Pix,Indicação,40.0,0,11,45,119.63,2,0.0
Masculino,Trimestral,Não,Não,,Rua,49.0,0,7,7,117.16,3,1.0
Masculino,Trimestral,Não,Não,Pix,Google,-5.0,5,11,44,67.76,2,0.0
Feminino,Trimestral,Sim,Sim,Cartão,Rua,39.0,4,1,5,244.79,1,0.0
Feminino,Mensal,Sim,Não,Boleto,Instagram,31.0,4,5,32,237.45,5,0.0
Feminino,Trimestral,Sim,Sim,Boleto,App,51.0,3,9,16,18.54,4,0.0
Feminino,Mensal,Não,Não,Boleto,App,51.0,4,9,40,189.76,0,1.0
Masculino,Mensal,Sim,Sim,Cartão,Instagram,36.0,5,14,26,153.8,2,1.0
Outro,Trimestral,Não,Sim,Boleto,App,45.0,7,4,27,197.67,4,0.0
Feminino,Mensal,Não,Não,Débito,Indicação,64.0,0,7,54,185.67,0,0.0
Feminino,Anual,Sim,Não,Boleto,Indicação,35.0,1,0,39,166.68,2,0.0
Masculino,Anual,Não,Não,,Instagram,69.0,1,8,59,116.99,3,0.0
Masculino,Trimestral,Não,Sim,Débito,Instagram,57.0,4,8,28,140.73,3,0.0
Masculino,Mensal,Não,Sim,,Rua,65.0,3,15,33,140.4,5,1.0
Feminino,Trimestral,Não,Não,Pix,App,34.0,6,12,2,156.88,2,0.0
Masculino,Trimestral,Não,Não,Pix,Google,26.0,1,10,41,228.47,1,1.0
Feminino,Mensal,Não,Sim,Pix,Instagram,29.0,0,11,15,284.09,3,1.0
Masculino,Mensal,Não,Não,Débito,Rua,51.0,6,6,39,-100.0,4,0.0
Masculino,Mensal,Não,Não,Cartão,Instagram,31.0,1,7,7,220.19,1,0.0
Masculino,Mensal,Não,Sim,Débito,Instagram,18.0,3,12,20,61.67,1,0.0
Masculino,Trimestral,Não,Não,Boleto,Indicação,37.0,6,8,13,77.54,2,0.0
Feminino,Anual,Não,Não,Boleto,App,58.0,4,12,32,189.83,4,1.0
Masculino,Mensal,Não,Sim,Cartão,Instagram,,2,14,29,227.94,4,1.0
Feminino,Mensal,Não,Sim,Boleto,App,68.0,6,4,4,211.15,0,0.0
Feminino,Mensal,Não,Não,Débito,Rua,17.0,5,13,19,150.49,3,1.0
Masculino,Mensal,Não,Não,Boleto,Instagram,27.0,1,10,10,259.88,3,1.0
Masculino,Mensal,Não,Não,Boleto,Google,60.0,0,13,36,144.35,1,0.0
Feminino,Mensal,Não,Sim,Pix,Indicação,17.0,3,15,12,157.89,1,1.0
Feminino,Mensal,Não,Não,Débito,Google,,1,1,58,197.39,2,0.0
,Trimestral,Sim,Não,Pix,Indicação,34.0,6,13,22,207.97,4,0.0
Feminino,Trimestral,Não,Não,Cartão,Instagram,39.0,2,14,27,112.68,3,0.0
Feminino,Anual,Não,Não,Débito,Instagram,20.0,4,15,35,114.79,0,0.0
Feminino,Trimestral,Não,Não,Pix,App,41.0,1,13,58,230.08,3,1.0
Feminino,Mensal,Não,Sim,Débito,Indicação,43.0,3,0,40,155.35,3,0.0
Feminino,Anual,Não,Sim,Boleto,Rua,50.0,1,4,17,223.05,5,0.0
Masculino,Mensal,Não,Não,Cartão,Google,34.0,4,7,6,105.99,5,0.0
Feminino,Trimestral,Sim,Não,Boleto,Rua,46.0,3,9,45,-100.0,3,0.0
Masculino,Mensal,Não,Não,Boleto,Indicação,34.0,5,14,50,247.12,1,0.0
Masculino,Mensal,Não,Não,Débito,Rua,58.0,2,3,48,249.74,4,0.0
Feminino,Trimestral,Sim,Não,Cartão,Indicação,59.0,0,3,43,147.8,4,0.0
Feminino,Mensal,,Não,Débito,App,34.0,7,3,14,53.95,3,0.0
Feminino,Mensal,Não,Não,Boleto,App,35.0,7,7,33,220.62,4,0.0
Masculino,Mensal,,Sim,Cartão,Rua,57.0,5,12,44,193.34,2,1.0
,Anual,Sim,Não,Cartão,Rua,32.0,7,6,52,199.95,1,0.0
Masculino,Mensal,Não,Sim,Boleto,Indicação,27.0,6,12,28,109.39,1,0.0
Masculino,Trimestral,Não,Não,Débito,App,50.0,7,15,38,173.36,4,0.0
Feminino,Anual,Não,Não,Boleto,Rua,41.0,4,10,7,186.07,3,1.0
Feminino,Mensal,Não,Não,Boleto,Indicação,68.0,6,0,11,273.5,3,0.0
Feminino,Anual,Não,Não,Boleto,Indicação,23.0,6,9,33,252.53,5,1.0
Feminino,Anual,Sim,Sim,Débito,Rua,55.0,1,5,3,244.56,3,0.0
Feminino,Anual,Não,,Cartão,Google,40.0,2,3,22,193.98,4,0.0
Masculino,Mensal,Não,Não,Pix,Instagram,,3,1,13,127.86,3,1.0
Feminino,Mensal,Não,Sim,Boleto,Indicação,60.0,7,2,29,166.37,5,0.0
Masculino,Trimestral,Não,Não,Cartão,App,37.0,5,3,-8,104.44,5,0.0
Feminino,Mensal,Não,Não,Pix,Instagram,28.0,3,9,42,173.59,4,0.0
Masculino,Mensal,Sim,Não,Cartão,Indicação,57.0,3,6,54,129.07,0,0.0
Masculino,Mensal,Não,Não,Débito,Google,30.0,6,0,39,179.44,5,1.0
Feminino,Trimestral,Sim,Não,Pix,Instagram,38.0,1,0,43,175.08,4,
Masculino,Mensal,Não,Sim,Pix,App,43.0,5,2,55,,2,1.0
Masculino,Trimestral,Não,Não,Pix,Instagram,63.0,7,1,28,213.76,3,0.0
Masculino,Mensal,Não,Sim,Boleto,Rua,28.0,7,2,58,103.6,3,0.0
Masculino,Trimestral,Não,Não,Pix,Indicação,47.0,4,2,15,338.03,1,0.0
Feminino,Trimestral,Não,Sim,Débito,Rua,26.0,5,10,24,254.46,5,0.0
Masculino,Mensal,Não,Sim,Débito,Google,,2,12,43,108.06,4,0.0
Feminino,Mensal,Não,Sim,Pix,Instagram,29.0,3,0,50,196.26,0,
Feminino,Mensal,Não,Não,Cartão,Rua,67.0,0,12,26,170.63,3,1.0
Feminino,Mensal,Não,Não,Boleto,Google,50.0,4,5,1,171.67,1,0.0
Feminino,Trimestral,Não,Não,Cartão,Rua,62.0,2,7,26,152.15,4,1.0
,Anual,Não,Não,Boleto,App,58.0,7,4,46,235.4,1,0.0
Masculino,Trimestral,Sim,Não,Boleto,Rua,50.0,2,0,31,132.98,0,0.0
Feminino,Anual,Não,Sim,Débito,Indicação,65.0,3,10,23,246.99,4,0.0
Masculino,Anual,Não,Não,Boleto,Rua,55.0,0,9,32,274.68,3,1.0
Feminino,Trimestral,Não,Não,Pix,Rua,38.0,3,10,44,128.14,4,0.0
Masculino,Mensal,Não,Sim,Boleto,Rua,55.0,4,6,1,231.2,3,1.0
Masculino,Anual,Não,Não,Débito,Rua,28.0,1,10,18,223.47,2,0.0
Feminino,Trimestral,Não,Não,Débito,Rua,21.0,4,14,17,,3,0.0
Masculino,Anual,Não,Não,Boleto,Instagram,44.0,6,12,46,281.9,1,
Feminino,Trimestral,Não,Não,Boleto,Instagram,57.0,0,9,44,151.99,0,
Masculino,Anual,Não,Não,Boleto,App,30.0,7,8,28,187.91,4,0.0
Outro,Anual,Não,Sim,Cartão,Instagram,20.0,6,11,1,264.86,2,0.0
